idx,imdb_id,genre
1,tt0114709,Animation
2,tt0114709,Adventure
3,tt0114709,Comedy
4,tt0114709,Family
5,tt0114709,Fantasy
6,tt0113497,Adventure
7,tt0113497,Comedy
8,tt0113497,Family
9,tt0113497,Fantasy
10,tt0113228,Comedy
11,tt0113228,Romance
12,tt0114885,Comedy
13,tt0114885,Drama
14,tt0114885,Romance
15,tt0113041,Comedy
16,tt0113041,Family
17,tt0113041,Romance
18,tt0113277,Crime
19,tt0113277,Drama
20,tt0113277,Thriller
21,tt0114319,Comedy
22,tt0114319,Drama
23,tt0114319,Romance
24,tt0112302,Adventure
25,tt0112302,Comedy
26,tt0112302,Drama
27,tt0112302,Family
28,tt0112302,Romance
29,tt0112302,Western
30,tt0114576,Action
31,tt0114576,Crime
32,tt0114576,Thriller
33,tt0113189,Action
34,tt0113189,Adventure
35,tt0113189,Thriller
36,tt0112346,Comedy
37,tt0112346,Drama
38,tt0112346,Romance
39,tt0112896,Comedy
40,tt0112896,Fantasy
41,tt0112896,Horror
42,tt0112453,Animation
43,tt0112453,Adventure
44,tt0112453,Drama
45,tt0112453,Family
46,tt0112453,History
47,tt0113987,Biography
48,tt0113987,Drama
49,tt0113987,History
50,tt0112760,Action
51,tt0112760,Adventure
52,tt0112760,Comedy
53,tt0112641,Crime
54,tt0112641,Drama
55,tt0114388,Drama
56,tt0114388,Romance
57,tt0113101,Comedy
58,tt0112281,Adventure
59,tt0112281,Comedy
60,tt0112281,Crime
61,tt0113845,Action
62,tt0113845,Comedy
63,tt0113845,Crime
64,tt0113845,Drama
65,tt0113845,Thriller
66,tt0113161,Comedy
67,tt0113161,Crime
68,tt0113161,Thriller
69,tt0112722,Drama
70,tt0112722,Mystery
71,tt0112722,Thriller
72,tt0112401,Action
73,tt0112401,Crime
74,tt0112401,Thriller
75,tt0114168,Drama
76,tt0114168,Fantasy
77,tt0114168,Mystery
78,tt0114168,Sci-Fi
79,tt0114168,Thriller
80,tt0113627,Drama
81,tt0113627,Romance
82,tt0114057,Drama
83,tt0114057,Romance
84,tt0114011,Comedy
85,tt0114011,Drama
86,tt0114011,Romance
87,tt0114117,Drama
88,tt0114117,Romance
89,tt0115012,Crime
90,tt0115012,Drama
91,tt0115012,History
92,tt0115012,Romance
93,tt0115012,Thriller
94,tt0112792,Biography
95,tt0112792,Drama
96,tt0114746,Mystery
97,tt0114746,Sci-Fi
98,tt0114746,Thriller
99,tt0112431,Comedy
100,tt0112431,Drama
101,tt0112431,Family
102,tt0112818,Crime
103,tt0112818,Drama
104,tt0113442,Comedy
105,tt0113442,Family
106,tt0113442,Romance
107,tt0112697,Comedy
108,tt0112697,Romance
109,tt0112749,Drama
110,tt0112749,Thriller
111,tt0114279,Drama
112,tt0114279,Sci-Fi
113,tt0114279,War
114,tt0112819,Action
115,tt0112819,Crime
116,tt0112819,Drama
117,tt0112819,Thriller
118,tt0112819,War
119,tt0114272,Biography
120,tt0114272,Drama
121,tt0114272,History
122,tt0114272,Romance
123,tt0113855,Action
124,tt0113855,Adventure
125,tt0113855,Fantasy
126,tt0113855,Sci-Fi
127,tt0113855,Thriller
128,tt0114681,Comedy
129,tt0114681,Crime
130,tt0114681,Drama
131,tt0114681,Thriller
132,tt0113347,Comedy
133,tt0113347,Drama
134,tt0113347,Romance
135,tt0114369,Crime
136,tt0114369,Drama
137,tt0114369,Mystery
138,tt0114369,Thriller
139,tt0114148,Animation
140,tt0114148,Adventure
141,tt0114148,Drama
142,tt0114148,Family
143,tt0114148,Musical
144,tt0114148,Romance
145,tt0114916,Drama
146,tt0114916,Romance
147,tt0114814,Crime
148,tt0114814,Mystery
149,tt0114814,Thriller
150,tt0113819,Comedy
151,tt0113819,Fantasy
152,tt0113819,Romance
153,tt0110299,Drama
154,tt0112499,Comedy
155,tt0112499,Family
156,tt0112499,Sport
157,tt0113158,Drama
158,tt0113158,Music
159,tt0113321,Comedy
160,tt0113321,Drama
161,tt0113321,Romance
162,tt0110877,Biography
163,tt0110877,Comedy
164,tt0110877,Drama
165,tt0110877,Romance
166,tt0113419,Drama
167,tt0113419,Family
168,tt0113419,Fantasy
169,tt0116260,Crime
170,tt0116260,Drama
171,tt0116260,Thriller
172,tt0113862,Drama
173,tt0113862,Music
174,tt0116126,Comedy
175,tt0116126,Crime
176,tt0118002,Comedy
177,tt0118002,Crime
178,tt0118002,Romance
179,tt0115683,Comedy
180,tt0116839,Action
181,tt0116839,Sci-Fi
182,tt0116839,Thriller
183,tt0113149,Comedy
184,tt0113118,Comedy
185,tt0113118,Drama
186,tt0116367,Action
187,tt0116367,Crime
188,tt0116367,Horror
189,tt0113010,Action
190,tt0113010,Romance
191,tt0113010,Thriller
192,tt0113537,Comedy
193,tt0113537,Drama
194,tt0113537,Romance
195,tt0113828,Drama
196,tt0113828,History
197,tt0115644,Drama
198,tt0115644,Romance
199,tt0115676,Comedy
200,tt0115676,Thriller
201,tt0114367,Horror
202,tt0114367,Sci-Fi
203,tt0114367,Thriller
204,tt0113973,Documentary
205,tt0113973,Biography
206,tt0113973,Music
207,tt0112744,Drama
208,tt0112744,Thriller
209,tt0116731,Crime
210,tt0116731,Drama
211,tt0116731,Thriller
212,tt0112445,Drama
213,tt0112445,Family
214,tt0114660,Crime
215,tt0114660,Drama
216,tt0114660,Thriller
217,tt0112379,Comedy
218,tt0112379,Drama
219,tt0114039,Drama
220,tt0114039,Romance
221,tt0112365,Drama
222,tt0112365,Romance
223,tt0118158,Adventure
224,tt0118158,Drama
225,tt0116151,Adventure
226,tt0116151,Comedy
227,tt0116151,Family
228,tt0115697,Comedy
229,tt0113972,Action
230,tt0113972,Crime
231,tt0113972,Drama
232,tt0113972,Thriller
233,tt0117002,Drama
234,tt0117002,Horror
235,tt0117002,Romance
236,tt0117002,Thriller
237,tt0114825,Comedy
238,tt0114825,Fantasy
239,tt0114825,Horror
240,tt0114825,Romance
241,tt0115639,Comedy
242,tt0115639,Drama
243,tt0115639,Romance
244,tt0115759,Action
245,tt0115759,Adventure
246,tt0115759,Thriller
247,tt0113403,Comedy
248,tt0113247,Crime
249,tt0113247,Drama
250,tt0113283,Documentary
251,tt0113283,Biography
252,tt0115907,Drama
253,tt0115907,Thriller
254,tt0115734,Comedy
255,tt0115734,Crime
256,tt0115734,Drama
257,tt0117102,Comedy
258,tt0118040,Drama
259,tt0118040,Mystery
260,tt0118040,Sci-Fi
261,tt0118040,Thriller
262,tt0116483,Comedy
263,tt0116483,Sport
264,tt0112579,Drama
265,tt0112579,Romance
266,tt0110251,Comedy
267,tt0110251,Drama
268,tt0117110,Action
269,tt0117110,Adventure
270,tt0117110,Comedy
271,tt0117110,Family
272,tt0117110,Musical
273,tt0117110,Romance
274,tt0112646,Documentary
275,tt0112573,Biography
276,tt0112573,Drama
277,tt0112573,History
278,tt0112573,War
279,tt0075314,Crime
280,tt0075314,Drama
281,tt0113326,Action
282,tt0113326,Comedy
283,tt0113326,Crime
284,tt0113326,Thriller
285,tt0115645,Crime
286,tt0115645,Drama
287,tt0115645,Mystery
288,tt0112373,Documentary
289,tt0112373,Biography
290,tt0112373,War
291,tt0115033,Crime
292,tt0115033,Drama
293,tt0116606,Comedy
294,tt0116606,Romance
295,tt0114536,Comedy
296,tt0106473,Drama
297,tt0103859,Comedy
298,tt0103859,Drama
299,tt0103859,Romance
300,tt0109424,Comedy
301,tt0109424,Crime
302,tt0109424,Drama
303,tt0109424,Mystery
304,tt0109424,Romance
305,tt0116324,Comedy
306,tt0110647,Adventure
307,tt0110647,Comedy
308,tt0110647,Family
309,tt0110647,Fantasy
310,tt0114131,Comedy
311,tt0114131,Romance
312,tt0113451,Crime
313,tt0113451,Drama
314,tt0113451,Thriller
315,tt0116130,Comedy
316,tt0113756,Comedy
317,tt0113756,Romance
318,tt0118055,Drama
319,tt0118055,Romance
320,tt0115685,Comedy
321,tt0112585,Comedy
322,tt0112585,Drama
323,tt0112585,Romance
324,tt0112442,Action
325,tt0112442,Comedy
326,tt0112442,Crime
327,tt0112442,Thriller
328,tt0112342,Adventure
329,tt0112342,Drama
330,tt0112342,Family
331,tt0112461,Biography
332,tt0112461,Crime
333,tt0112461,Drama
334,tt0112461,Sport
335,tt0112427,Comedy
336,tt0112427,Drama
337,tt0112427,Romance
338,tt0109093,Comedy
339,tt0109093,Crime
340,tt0109093,Drama
341,tt0109093,Thriller
342,tt0112384,Adventure
343,tt0112384,Drama
344,tt0112384,History
345,tt0114287,Adventure
346,tt0114287,Biography
347,tt0114287,Drama
348,tt0114287,History
349,tt0112288,Drama
350,tt0112288,Horror
351,tt0112462,Action
352,tt0112462,Adventure
353,tt0061395,Drama
354,tt0061395,Romance
355,tt0112495,Action
356,tt0112495,Adventure
357,tt0112495,Drama
358,tt0112541,Comedy
359,tt0109370,Comedy
360,tt0112642,Comedy
361,tt0112642,Family
362,tt0112642,Fantasy
363,tt0112688,Crime
364,tt0112688,Drama
365,tt0112688,Mystery
366,tt0112715,Action
367,tt0112715,Adventure
368,tt0112715,Mystery
369,tt0112715,Sci-Fi
370,tt0112740,Action
371,tt0112740,Drama
372,tt0112740,Thriller
373,tt0112740,War
374,tt0109508,Documentary
375,tt0109508,Biography
376,tt0109508,Comedy
377,tt0109508,Drama
378,tt0112851,Action
379,tt0112851,Crime
380,tt0112851,Thriller
381,tt0112857,Crime
382,tt0112857,Drama
383,tt0112857,Mystery
384,tt0112857,Thriller
385,tt0112864,Action
386,tt0112864,Adventure
387,tt0112864,Thriller
388,tt0112887,Comedy
389,tt0112887,Crime
390,tt0112887,Drama
391,tt0113071,Action
392,tt0113071,Adventure
393,tt0113071,Drama
394,tt0113071,Romance
395,tt0113114,Adventure
396,tt0113114,Drama
397,tt0113114,Family
398,tt0113243,Comedy
399,tt0113243,Crime
400,tt0113243,Drama
401,tt0113243,Romance
402,tt0113243,Thriller
403,tt0113464,Comedy
404,tt0113464,Drama
405,tt0113481,Action
406,tt0113481,Drama
407,tt0113481,Sci-Fi
408,tt0113481,Thriller
409,tt0113492,Action
410,tt0113492,Crime
411,tt0113492,Sci-Fi
412,tt0113492,Thriller
413,tt0113500,Comedy
414,tt0113540,Drama
415,tt0113677,Comedy
416,tt0113677,Drama
417,tt0113690,Horror
418,tt0113690,Mystery
419,tt0113690,Thriller
420,tt0107447,Comedy
421,tt0107447,Drama
422,tt0113729,Comedy
423,tt0113729,Drama
424,tt0113729,Romance
425,tt0113749,Comedy
426,tt0113749,Romance
427,tt0113820,Action
428,tt0113820,Adventure
429,tt0113820,Family
430,tt0113820,Sci-Fi
431,tt0113820,Thriller
432,tt0110604,Crime
433,tt0110604,Horror
434,tt0110604,Thriller
435,tt0110620,Drama
436,tt0110620,Horror
437,tt0113957,Action
438,tt0113957,Crime
439,tt0113957,Drama
440,tt0113957,Mystery
441,tt0113957,Thriller
442,tt0113986,Comedy
443,tt0113986,Romance
444,tt0114095,Comedy
445,tt0114194,Action
446,tt0114194,Crime
447,tt0114194,Drama
448,tt0114194,Fantasy
449,tt0114194,Horror
450,tt0114194,Mystery
451,tt0114194,Thriller
452,tt0114241,Comedy
453,tt0114241,Drama
454,tt0114241,Fantasy
455,tt0114323,Drama
456,tt0114345,Drama
457,tt0114345,Romance
458,tt0114436,Drama
459,tt0114478,Comedy
460,tt0114478,Drama
461,tt0114496,Comedy
462,tt0114496,Drama
463,tt0114496,Romance
464,tt0114508,Action
465,tt0114508,Horror
466,tt0114508,Sci-Fi
467,tt0114508,Thriller
468,tt0114558,Action
469,tt0114558,Crime
470,tt0114558,Drama
471,tt0114558,Sci-Fi
472,tt0114558,Thriller
473,tt0058450,Drama
474,tt0058450,Musical
475,tt0058450,Romance
476,tt0114663,Drama
477,tt0114663,Family
478,tt0114663,Fantasy
479,tt0114702,Biography
480,tt0114702,Drama
481,tt0114702,Romance
482,tt0114682,Comedy
483,tt0114682,Drama
484,tt0114781,Action
485,tt0114781,Adventure
486,tt0114781,Thriller
487,tt0114798,Comedy
488,tt0114798,Drama
489,tt0114805,Documentary
490,tt0114887,Drama
491,tt0114887,Romance
492,tt0114898,Action
493,tt0114898,Adventure
494,tt0114898,Sci-Fi
495,tt0114928,Drama
496,tt0114928,Thriller
497,tt0114938,Action
498,tt0114938,Biography
499,tt0114938,Western
500,tt0109340,Drama
501,tt0112602,Adventure
502,tt0112602,Comedy
503,tt0112602,Crime
504,tt0112602,Family
505,tt0112602,Mystery
506,tt0111579,Drama
507,tt0111579,History
508,tt0111579,War
509,tt0110882,Drama
510,tt0110882,War
511,tt0112471,Drama
512,tt0112471,Romance
513,tt0112508,Comedy
514,tt0112571,Comedy
515,tt0112571,Drama
516,tt0112757,Drama
517,tt0112643,Drama
518,tt0112643,Horror
519,tt0112643,Mystery
520,tt0112643,Thriller
521,tt0112679,Drama
522,tt0112679,Romance
523,tt0109445,Comedy
524,tt0112883,Comedy
525,tt0112883,Drama
526,tt0112883,Romance
527,tt0109635,Drama
528,tt0109635,Thriller
529,tt0109676,Action
530,tt0109676,Adventure
531,tt0109676,Thriller
532,tt0112854,Crime
533,tt0112854,Comedy
534,tt0112854,Fantasy
535,tt0109579,Drama
536,tt0109579,Mystery
537,tt0109579,Thriller
538,tt0109642,Crime
539,tt0109642,Drama
540,tt0109642,Mystery
541,tt0109642,Thriller
542,tt0109686,Comedy
543,tt0111797,Comedy
544,tt0111797,Drama
545,tt0111797,Romance
546,tt0109759,Drama
547,tt0109758,Comedy
548,tt0109758,Crime
549,tt0109758,Romance
550,tt0109758,Thriller
551,tt0109707,Biography
552,tt0109707,Comedy
553,tt0109707,Drama
554,tt0113117,Comedy
555,tt0113117,Drama
556,tt0113117,Romance
557,tt0113097,Comedy
558,tt0113097,Romance
559,tt0113028,Adventure
560,tt0113028,Family
561,tt0113198,Animation
562,tt0113198,Adventure
563,tt0113198,Comedy
564,tt0113198,Family
565,tt0113198,Musical
566,tt0113198,Romance
567,tt0113303,Fantasy
568,tt0113303,Horror
569,tt0113303,Thriller
570,tt0113089,Drama
571,tt0113089,Family
572,tt0113089,Fantasy
573,tt0109771,Biography
574,tt0109771,Drama
575,tt0109771,Music
576,tt0113199,Comedy
577,tt0113199,Drama
578,tt0113199,Family
579,tt0113199,Fantasy
580,tt0110057,Documentary
581,tt0110057,Drama
582,tt0110057,Sport
583,tt0110005,Biography
584,tt0110005,Crime
585,tt0110005,Drama
586,tt0110005,Thriller
587,tt0110066,Comedy
588,tt0110116,Biography
589,tt0110116,Drama
590,tt0110116,Music
591,tt0110116,Romance
592,tt0110006,Comedy
593,tt0110006,Drama
594,tt0110006,Family
595,tt0110006,Sport
596,tt0113360,Action
597,tt0113360,Drama
598,tt0113360,Thriller
599,tt0110099,Comedy
600,tt0110099,Romance
601,tt0110148,Drama
602,tt0110148,Horror
603,tt0113463,Biography
604,tt0113463,Drama
605,tt0113463,History
606,tt0113463,Romance
607,tt0110189,Comedy
608,tt0110189,Crime
609,tt0110216,Comedy
610,tt0110216,Romance
611,tt0110216,Sci-Fi
612,tt0113501,Action
613,tt0113501,Crime
614,tt0113501,Drama
615,tt0113501,Mystery
616,tt0113501,Thriller
617,tt0113538,Adventure
618,tt0113538,Comedy
619,tt0113538,Family
620,tt0113538,Fantasy
621,tt0113538,Romance
622,tt0113552,Crime
623,tt0113552,Drama
624,tt0113552,Thriller
625,tt0076759,Action
626,tt0076759,Adventure
627,tt0076759,Fantasy
628,tt0076759,Sci-Fi
629,tt0110367,Drama
630,tt0110367,Family
631,tt0110367,Romance
632,tt0113670,Drama
633,tt0113670,Family
634,tt0113670,Fantasy
635,tt0110296,Drama
636,tt0103994,Drama
637,tt0103994,Romance
638,tt0110322,Drama
639,tt0110322,Romance
640,tt0110322,War
641,tt0110322,Western
642,tt0110443,Adventure
643,tt0110443,Comedy
644,tt0110443,Family
645,tt0107566,Crime
646,tt0107566,Drama
647,tt0110391,Comedy
648,tt0110391,Drama
649,tt0110391,Romance
650,tt0113691,Drama
651,tt0110428,Biography
652,tt0110428,Comedy
653,tt0110428,Drama
654,tt0110428,History
655,tt0109836,Drama
656,tt0109836,Horror
657,tt0109836,Romance
658,tt0109836,Sci-Fi
659,tt0113755,Comedy
660,tt0113755,Family
661,tt0110538,Comedy
662,tt0110538,Drama
663,tt0110516,Comedy
664,tt0110516,Romance
665,tt0110527,Family
666,tt0110527,Fantasy
667,tt0113808,Comedy
668,tt0113808,Romance
669,tt0113896,Drama
670,tt0113870,Drama
671,tt0113870,Thriller
672,tt0110684,Comedy
673,tt0110684,Drama
674,tt0110638,Drama
675,tt0113967,Crime
676,tt0113967,Drama
677,tt0117169,Action
678,tt0117169,Crime
679,tt0117169,Drama
680,tt0106402,Comedy
681,tt0106402,Horror
682,tt0110671,Comedy
683,tt0110671,Romance
684,tt0110632,Action
685,tt0110632,Crime
686,tt0110632,Drama
687,tt0110737,Comedy
688,tt0110737,Romance
689,tt0110729,Crime
690,tt0110729,Drama
691,tt0114151,Drama
692,tt0114151,Thriller
693,tt0114069,Action
694,tt0114069,Drama
695,tt0114069,Thriller
696,tt0110413,Action
697,tt0110413,Crime
698,tt0110413,Drama
699,tt0110413,Thriller
700,tt0114113,Comedy
701,tt0114113,Romance
702,tt0114113,Drama
703,tt0114210,Comedy
704,tt0114210,Romance
705,tt0110912,Crime
706,tt0110912,Drama
707,tt0105652,Comedy
708,tt0105652,Drama
709,tt0110889,Drama
710,tt0110889,Romance
711,tt0110932,Biography
712,tt0110932,Drama
713,tt0110932,History
714,tt0114129,Drama
715,tt0114129,Romance
716,tt0110963,Biography
717,tt0110963,Drama
718,tt0110963,History
719,tt0110963,Romance
720,tt0114214,Action
721,tt0114214,Romance
722,tt0114214,Thriller
723,tt0114214,Western
724,tt0114296,Comedy
725,tt0114296,Drama
726,tt0110907,Comedy
727,tt0110907,Drama
728,tt0111495,Drama
729,tt0111495,Mystery
730,tt0111495,Romance
731,tt0108394,Drama
732,tt0108394,Music
733,tt0108394,Mystery
734,tt0108394,Romance
735,tt0111507,Comedy
736,tt0111507,Drama
737,tt0111507,Romance
738,tt0114268,Drama
739,tt0114268,Family
740,tt0114268,Comedy
741,tt0110965,Drama
742,tt0110965,Horror
743,tt0110965,Thriller
744,tt0114571,Comedy
745,tt0114571,Drama
746,tt0111333,Animation
747,tt0111333,Comedy
748,tt0111333,Family
749,tt0111333,Fantasy
750,tt0111333,Musical
751,tt0111333,Romance
752,tt0111112,Drama
753,tt0111112,Family
754,tt0111112,Fantasy
755,tt0111255,Action
756,tt0111255,Drama
757,tt0111255,Thriller
758,tt0111282,Action
759,tt0111282,Adventure
760,tt0111282,Sci-Fi
761,tt0111070,Comedy
762,tt0111070,Drama
763,tt0111070,Family
764,tt0111070,Fantasy
765,tt0111161,Drama
766,tt0111149,Crime
767,tt0111149,Thriller
768,tt0108260,Drama
769,tt0108260,Thriller
770,tt0106966,Comedy
771,tt0106966,Drama
772,tt0106966,Romance
773,tt0114594,Comedy
774,tt0114594,Crime
775,tt0111309,Comedy
776,tt0111309,Drama
777,tt0113936,Adventure
778,tt0113936,Comedy
779,tt0110081,Drama
780,tt0110081,War
781,tt0114614,Action
782,tt0114614,Comedy
783,tt0114614,Sci-Fi
784,tt0114608,Action
785,tt0114608,Fantasy
786,tt0114608,Horror
787,tt0114608,Thriller
788,tt0111280,Action
789,tt0111280,Adventure
790,tt0111280,Mystery
791,tt0111280,Sci-Fi
792,tt0111280,Thriller
793,tt0114609,Crime
794,tt0114609,Drama
795,tt0114609,Horror
796,tt0114609,Thriller
797,tt0111454,Biography
798,tt0111454,Drama
799,tt0111454,Romance
800,tt0114852,Horror
801,tt0114852,Sci-Fi
802,tt0114852,Thriller
803,tt0114694,Adventure
804,tt0114694,Comedy
805,tt0111590,Comedy
806,tt0111590,Drama
807,tt0111590,Romance
808,tt0114788,Crime
809,tt0114788,Thriller
810,tt0114888,Action
811,tt0114888,Drama
812,tt0114888,War
813,tt0108550,Drama
814,tt0114857,Action
815,tt0114857,Crime
816,tt0114857,Sci-Fi
817,tt0114857,Thriller
818,tt0114924,Comedy
819,tt0114924,Drama
820,tt0114924,Romance
821,tt0111667,Drama
822,tt0109655,Drama
823,tt0109655,Romance
824,tt0110598,Comedy
825,tt0110598,Drama
826,tt0112435,Comedy
827,tt0112435,Drama
828,tt0112435,Family
829,tt0109040,Comedy
830,tt0109045,Comedy
831,tt0109045,Music
832,tt0106339,Biography
833,tt0106339,Drama
834,tt0106339,Music
835,tt0106339,Romance
836,tt0104779,Drama
837,tt0104779,Romance
838,tt0104779,Thriller
839,tt0109348,Comedy
840,tt0109348,Crime
841,tt0109444,Action
842,tt0109444,Crime
843,tt0109444,Drama
844,tt0109444,Thriller
845,tt0109446,Crime
846,tt0109446,Drama
847,tt0109446,Mystery
848,tt0109446,Thriller
849,tt0109484,Comedy
850,tt0109484,Drama
851,tt0109484,Romance
852,tt0109504,Comedy
853,tt0109504,Drama
854,tt0109506,Action
855,tt0109506,Drama
856,tt0109506,Fantasy
857,tt0109450,Biography
858,tt0109450,Drama
859,tt0109450,Sport
860,tt0109813,Comedy
861,tt0109813,Family
862,tt0109813,Fantasy
863,tt0109830,Drama
864,tt0109830,Romance
865,tt0109831,Comedy
866,tt0109831,Drama
867,tt0109831,Romance
868,tt0113305,Crime
869,tt0113305,Drama
870,tt0113305,Thriller
871,tt0110091,Comedy
872,tt0110091,Drama
873,tt0110091,Romance
874,tt0110093,Action
875,tt0110093,Comedy
876,tt0110093,Romance
877,tt0110093,Thriller
878,tt0110167,Comedy
879,tt0110167,Drama
880,tt0110167,Romance
881,tt0110213,Adventure
882,tt0110213,Family
883,tt0110213,Romance
884,tt0107472,Documentary
885,tt0107472,Biography
886,tt0107472,History
887,tt0110357,Animation
888,tt0110357,Adventure
889,tt0110357,Drama
890,tt0110357,Family
891,tt0110357,Musical
892,tt0107426,Drama
893,tt0111686,Fantasy
894,tt0111686,Horror
895,tt0111686,Mystery
896,tt0111686,Thriller
897,tt0110475,Action
898,tt0110475,Comedy
899,tt0110475,Crime
900,tt0110475,Fantasy
901,tt0110478,Action
902,tt0110478,Adventure
903,tt0110478,Comedy
904,tt0110478,Thriller
905,tt0110478,Western
906,tt0110588,Biography
907,tt0110588,Drama
908,tt0110622,Comedy
909,tt0110622,Crime
910,tt0110771,Comedy
911,tt0110771,Drama
912,tt0110950,Comedy
913,tt0110950,Drama
914,tt0110950,Romance
915,tt0105226,Crime
916,tt0105226,Drama
917,tt0105226,Thriller
918,tt0110989,Comedy
919,tt0110989,Family
920,tt0110997,Adventure
921,tt0110997,Crime
922,tt0110997,Thriller
923,tt0111257,Action
924,tt0111257,Adventure
925,tt0111257,Thriller
926,tt0111256,Comedy
927,tt0111256,Romance
928,tt0111438,Action
929,tt0111438,Crime
930,tt0111438,Sci-Fi
931,tt0111438,Thriller
932,tt0111503,Action
933,tt0111503,Comedy
934,tt0111503,Thriller
935,tt0111693,Drama
936,tt0111693,Romance
937,tt0111742,Drama
938,tt0111742,Horror
939,tt0111742,Romance
940,tt0111742,Thriller
941,tt0111756,Adventure
942,tt0111756,Biography
943,tt0111756,Crime
944,tt0111756,Drama
945,tt0111756,Western
946,tt0112443,Crime
947,tt0112443,Drama
948,tt0112443,Thriller
949,tt0110455,Comedy
950,tt0110455,Drama
951,tt0111048,Comedy
952,tt0111048,Drama
953,tt0110399,Action
954,tt0110399,Comedy
955,tt0110399,Crime
956,tt0112570,Drama
957,tt0109454,Drama
958,tt0109454,History
959,tt0109454,Romance
960,tt0109454,War
961,tt0059170,Action
962,tt0059170,Comedy
963,tt0110186,Crime
964,tt0110186,Drama
965,tt0110186,Romance
966,tt0111301,Action
967,tt0111301,Adventure
968,tt0111301,Comedy
969,tt0111301,Thriller
970,tt0110027,Action
971,tt0110027,Fantasy
972,tt0110027,Romance
973,tt0110027,Sci-Fi
974,tt0109785,Crime
975,tt0109785,Drama
976,tt0113409,Drama
977,tt0113409,Horror
978,tt0113409,Mystery
979,tt0113409,Thriller
980,tt0109021,Biography
981,tt0109021,Drama
982,tt0109021,Sport
983,tt0109021,Western
984,tt0109035,Crime
985,tt0109035,Drama
986,tt0109035,Sport
987,tt0109035,Thriller
988,tt0106220,Comedy
989,tt0106220,Fantasy
990,tt0106226,Drama
991,tt0106226,Romance
992,tt0109068,Comedy
993,tt0109068,Crime
994,tt0109068,Music
995,tt0109067,Comedy
996,tt0109067,Family
997,tt0109067,Sport
998,tt0106292,Comedy
999,tt0106292,Crime
1000,tt0109198,Action
1001,tt0109198,Adventure
1002,tt0109198,Romance
1003,tt0109198,Western
1004,tt0109219,Comedy
1005,tt0109219,Drama
1006,tt0109219,Romance
1007,tt0106379,Comedy
1008,tt0106379,Drama
1009,tt0106400,Comedy
1010,tt0106400,Family
1011,tt0109254,Action
1012,tt0109254,Comedy
1013,tt0109254,Crime
1014,tt0109254,Thriller
1015,tt0109279,Adventure
1016,tt0109279,Drama
1017,tt0109279,Family
1018,tt0109279,Romance
1019,tt0109297,Crime
1020,tt0109297,Drama
1021,tt0109297,Mystery
1022,tt0109297,Thriller
1023,tt0109303,Action
1024,tt0109303,Crime
1025,tt0109303,Drama
1026,tt0109303,Thriller
1027,tt0109305,Drama
1028,tt0109305,Sport
1029,tt0109306,Drama
1030,tt0109306,Romance
1031,tt0106452,Horror
1032,tt0106452,Sci-Fi
1033,tt0106471,Drama
1034,tt0106471,Mystery
1035,tt0106471,Romance
1036,tt0106471,Thriller
1037,tt0106489,Crime
1038,tt0106489,Drama
1039,tt0106489,Romance
1040,tt0109361,Adventure
1041,tt0109361,Comedy
1042,tt0109361,Romance
1043,tt0106505,Comedy
1044,tt0106505,Drama
1045,tt0106519,Crime
1046,tt0106519,Drama
1047,tt0106519,Thriller
1048,tt0109439,Comedy
1049,tt0109443,Comedy
1050,tt0109443,Mystery
1051,tt0106582,Action
1052,tt0106582,Adventure
1053,tt0106582,Thriller
1054,tt0106598,Comedy
1055,tt0106598,Sci-Fi
1056,tt0109456,Mystery
1057,tt0109456,Romance
1058,tt0109456,Thriller
1059,tt0109480,Comedy
1060,tt0109480,Crime
1061,tt0109480,Thriller
1062,tt0109493,Action
1063,tt0109493,Comedy
1064,tt0109493,Crime
1065,tt0109493,Drama
1066,tt0109493,Thriller
1067,tt0109493,Western
1068,tt0106673,Comedy
1069,tt0106673,Romance
1070,tt0106677,Comedy
1071,tt0106697,Action
1072,tt0106697,Sci-Fi
1073,tt0106697,Thriller
1074,tt0106834,Comedy
1075,tt0106834,Drama
1076,tt0106834,Romance
1077,tt0106834,Western
1078,tt0106873,Comedy
1079,tt0106873,Crime
1080,tt0106873,Thriller
1081,tt0106332,Drama
1082,tt0106332,Music
1083,tt0106332,Romance
1084,tt0106881,Drama
1085,tt0106881,Thriller
1086,tt0106880,Comedy
1087,tt0106880,Music
1088,tt0111732,Comedy
1089,tt0111732,Drama
1090,tt0106926,Drama
1091,tt0106926,Mystery
1092,tt0106926,Romance
1093,tt0111712,Comedy
1094,tt0111712,Crime
1095,tt0111712,Mystery
1096,tt0111712,Thriller
1097,tt0106941,Comedy
1098,tt0106941,Drama
1099,tt0106941,Romance
1100,tt0106918,Drama
1101,tt0106918,Mystery
1102,tt0106918,Thriller
1103,tt0106965,Adventure
1104,tt0106965,Drama
1105,tt0106965,Family
1106,tt0109842,Crime
1107,tt0109842,Drama
1108,tt0109842,Thriller
1109,tt0106977,Action
1110,tt0106977,Crime
1111,tt0106977,Drama
1112,tt0106977,Mystery
1113,tt0106977,Thriller
1114,tt0107004,Drama
1115,tt0107004,History
1116,tt0107004,Western
1117,tt0109890,Action
1118,tt0109890,Adventure
1119,tt0109890,Crime
1120,tt0109890,Drama
1121,tt0109890,Thriller
1122,tt0109891,Comedy
1123,tt0109891,Crime
1124,tt0109891,Family
1125,tt0109913,Comedy
1126,tt0109913,Drama
1127,tt0109913,Romance
1128,tt0107076,Action
1129,tt0107076,Adventure
1130,tt0107076,Drama
1131,tt0107076,Thriller
1132,tt0107144,Action
1133,tt0107144,Comedy
1134,tt0113674,Comedy
1135,tt0112966,Comedy
1136,tt0112966,Drama
1137,tt0112966,Romance
1138,tt0107151,Drama
1139,tt0107151,Romance
1140,tt0110064,Comedy
1141,tt0110064,Music
1142,tt0110064,Romance
1143,tt0110074,Comedy
1144,tt0110074,Drama
1145,tt0110074,Fantasy
1146,tt0110123,Comedy
1147,tt0110123,War
1148,tt0107206,Action
1149,tt0107206,Crime
1150,tt0107206,Drama
1151,tt0107206,Thriller
1152,tt0107207,Biography
1153,tt0107207,Crime
1154,tt0107207,Drama
1155,tt0110137,Comedy
1156,tt0110137,Drama
1157,tt0110137,Romance
1158,tt0108551,Biography
1159,tt0108551,Drama
1160,tt0108551,Music
1161,tt0110197,Crime
1162,tt0110197,Comedy
1163,tt0110197,Drama
1164,tt0107286,Action
1165,tt0107286,Crime
1166,tt0107286,Drama
1167,tt0107286,Thriller
1168,tt0107290,Action
1169,tt0107290,Adventure
1170,tt0107290,Sci-Fi
1171,tt0107290,Thriller
1172,tt0107302,Crime
1173,tt0107302,Drama
1174,tt0107302,Thriller
1175,tt0110265,Crime
1176,tt0110265,Thriller
1177,tt0110305,Family
1178,tt0110305,Adventure
1179,tt0107362,Action
1180,tt0107362,Adventure
1181,tt0107362,Comedy
1182,tt0107362,Fantasy
1183,tt0107413,Comedy
1184,tt0107413,Family
1185,tt0110353,Comedy
1186,tt0110353,Western
1187,tt0107468,Drama
1188,tt0107468,Romance
1189,tt0107478,Comedy
1190,tt0107497,Crime
1191,tt0107497,Mystery
1192,tt0107497,Thriller
1193,tt0107501,Drama
1194,tt0107507,Comedy
1195,tt0107507,Mystery
1196,tt0107554,Crime
1197,tt0107554,Drama
1198,tt0107554,Thriller
1199,tt0116253,Action
1200,tt0116253,Adventure
1201,tt0116253,Thriller
1202,tt0074102,Drama
1203,tt0074102,Romance
1204,tt0111689,Comedy
1205,tt0111689,Drama
1206,tt0111689,Romance
1207,tt0111689,Thriller
1208,tt0107616,Comedy
1209,tt0107616,Drama
1210,tt0107616,Romance
1211,tt0107613,Comedy
1212,tt0107613,Romance
1213,tt0107614,Comedy
1214,tt0107614,Drama
1215,tt0107614,Family
1216,tt0107653,Comedy
1217,tt0107653,Drama
1218,tt0110657,Action
1219,tt0110657,Drama
1220,tt0110657,Family
1221,tt0110657,Romance
1222,tt0110657,Sport
1223,tt0110678,Action
1224,tt0110678,Drama
1225,tt0110678,Sci-Fi
1226,tt0110678,Thriller
1227,tt0110687,Adventure
1228,tt0110687,Comedy
1229,tt0110687,Drama
1230,tt0110687,Family
1231,tt0110687,Fantasy
1232,tt0107756,Biography
1233,tt0107756,Drama
1234,tt0107756,Fantasy
1235,tt0107756,Romance
1236,tt0107808,Crime
1237,tt0107808,Drama
1238,tt0107808,Thriller
1239,tt0107818,Drama
1240,tt0107822,Drama
1241,tt0107822,Music
1242,tt0107822,Romance
1243,tt0107840,Drama
1244,tt0107840,Romance
1245,tt0107889,Action
1246,tt0107889,Drama
1247,tt0107889,Romance
1248,tt0107889,Sport
1249,tt0111003,Horror
1250,tt0111003,Sci-Fi
1251,tt0111003,Thriller
1252,tt0110939,Comedy
1253,tt0110939,Crime
1254,tt0110939,Drama
1255,tt0110939,Musical
1256,tt0110939,Mystery
1257,tt0110939,Romance
1258,tt0110955,Comedy
1259,tt0110955,Crime
1260,tt0110955,Drama
1261,tt0107943,Drama
1262,tt0107943,Romance
1263,tt0110971,Comedy
1264,tt0110971,Drama
1265,tt0107969,Action
1266,tt0107969,Crime
1267,tt0107969,Drama
1268,tt0107969,Mystery
1269,tt0107969,Thriller
1270,tt0111001,Comedy
1271,tt0111001,Drama
1272,tt0107978,Action
1273,tt0107978,Crime
1274,tt0107978,Sci-Fi
1275,tt0107978,Thriller
1276,tt0107977,Adventure
1277,tt0107977,Comedy
1278,tt0107977,Musical
1279,tt0107977,Romance
1280,tt0107983,Crime
1281,tt0107983,Drama
1282,tt0107983,Romance
1283,tt0105275,Crime
1284,tt0105275,Drama
1285,tt0108000,Drama
1286,tt0108000,Romance
1287,tt0108002,Biography
1288,tt0108002,Drama
1289,tt0108002,Sport
1290,tt0105032,Biography
1291,tt0105032,Drama
1292,tt0108052,Biography
1293,tt0108052,Drama
1294,tt0108052,History
1295,tt0111094,Comedy
1296,tt0111094,Drama
1297,tt0111094,Sport
1298,tt0108065,Biography
1299,tt0108065,Drama
1300,tt0108065,Sport
1301,tt0108071,Drama
1302,tt0108071,Family
1303,tt0108071,Fantasy
1304,tt0111127,Comedy
1305,tt0111127,Crime
1306,tt0111127,Thriller
1307,tt0111143,Action
1308,tt0111143,Adventure
1309,tt0111143,Crime
1310,tt0111143,Fantasy
1311,tt0111143,Mystery
1312,tt0111143,Thriller
1313,tt0108101,Biography
1314,tt0108101,Drama
1315,tt0108101,Romance
1316,tt0108122,Comedy
1317,tt0108122,Drama
1318,tt0111194,Drama
1319,tt0111194,Comedy
1320,tt0111201,Comedy
1321,tt0111201,Drama
1322,tt0111201,Romance
1323,tt0108149,Comedy
1324,tt0108149,Drama
1325,tt0108149,Mystery
1326,tt0108160,Comedy
1327,tt0108160,Drama
1328,tt0108160,Romance
1329,tt0108162,Drama
1330,tt0108162,Thriller
1331,tt0083658,Action
1332,tt0083658,Sci-Fi
1333,tt0083658,Thriller
1334,tt0108186,Comedy
1335,tt0108186,Drama
1336,tt0108186,Romance
1337,tt0108174,Comedy
1338,tt0108174,Romance
1339,tt0108238,Action
1340,tt0108238,Crime
1341,tt0108238,Mystery
1342,tt0108238,Thriller
1343,tt0108255,Adventure
1344,tt0108255,Comedy
1345,tt0108255,Family
1346,tt0108255,Fantasy
1347,tt0108255,Sci-Fi
1348,tt0111323,Action
1349,tt0111323,Adventure
1350,tt0111323,Crime
1351,tt0111323,Drama
1352,tt0111323,Thriller
1353,tt0111400,Action
1354,tt0111400,Mystery
1355,tt0111400,Romance
1356,tt0111400,Thriller
1357,tt0108328,Biography
1358,tt0108328,Drama
1359,tt0108328,Music
1360,tt0111418,Comedy
1361,tt0111418,Drama
1362,tt0111418,Romance
1363,tt0107688,Animation
1364,tt0107688,Family
1365,tt0107688,Fantasy
1366,tt0107688,Musical
1367,tt0108333,Action
1368,tt0108333,Adventure
1369,tt0108333,Comedy
1370,tt0108333,Family
1371,tt0108333,Romance
1372,tt0108358,Action
1373,tt0108358,Biography
1374,tt0108358,Drama
1375,tt0108358,History
1376,tt0108358,Western
1377,tt0108399,Crime
1378,tt0108399,Drama
1379,tt0108399,Romance
1380,tt0108399,Thriller
1381,tt0108515,Documentary
1382,tt0108515,History
1383,tt0110763,Animation
1384,tt0110763,Adventure
1385,tt0110763,Comedy
1386,tt0110763,Family
1387,tt0110763,Fantasy
1388,tt0114906,Comedy
1389,tt0114906,Drama
1390,tt0107002,Drama
1391,tt0107002,Romance
1392,tt0109403,Action
1393,tt0109403,Comedy
1394,tt0109403,Drama
1395,tt0109403,Romance
1396,tt0107315,Comedy
1397,tt0106408,Comedy
1398,tt0106408,Drama
1399,tt0110363,Comedy
1400,tt0110363,Family
1401,tt0110363,Sport
1402,tt0107225,Comedy
1403,tt0111252,Comedy
1404,tt0111252,Drama
1405,tt0109120,Adventure
1406,tt0109120,Drama
1407,tt0109120,Family
1408,tt0108059,Action
1409,tt0108059,Crime
1410,tt0108059,Drama
1411,tt0108059,Thriller
1412,tt0110892,Comedy
1413,tt0110892,Drama
1414,tt0110892,History
1415,tt0110892,Mystery
1416,tt0110892,Romance
1417,tt0112651,Documentary
1418,tt0112651,History
1419,tt0109382,Biography
1420,tt0109382,Comedy
1421,tt0109382,Drama
1422,tt0112572,Comedy
1423,tt0099785,Comedy
1424,tt0099785,Family
1425,tt0099653,Drama
1426,tt0099653,Fantasy
1427,tt0099653,Romance
1428,tt0099653,Thriller
1429,tt0103639,Animation
1430,tt0103639,Adventure
1431,tt0103639,Comedy
1432,tt0103639,Family
1433,tt0103639,Fantasy
1434,tt0103639,Musical
1435,tt0103639,Romance
1436,tt0103064,Action
1437,tt0103064,Sci-Fi
1438,tt0099348,Adventure
1439,tt0099348,Drama
1440,tt0099348,Western
1441,tt0096895,Action
1442,tt0096895,Adventure
1443,tt0102926,Crime
1444,tt0102926,Drama
1445,tt0102926,Thriller
1446,tt0029583,Animation
1447,tt0029583,Family
1448,tt0029583,Fantasy
1449,tt0029583,Musical
1450,tt0029583,Romance
1451,tt0101414,Animation
1452,tt0101414,Family
1453,tt0101414,Fantasy
1454,tt0101414,Musical
1455,tt0101414,Romance
1456,tt0032910,Animation
1457,tt0032910,Comedy
1458,tt0032910,Family
1459,tt0032910,Fantasy
1460,tt0032910,Musical
1461,tt0100405,Comedy
1462,tt0100405,Romance
1463,tt0065214,Action
1464,tt0065214,Adventure
1465,tt0065214,Western
1466,tt0110395,Crime
1467,tt0110395,Romance
1468,tt0110395,Thriller
1469,tt0109934,Documentary
1470,tt0109934,Music
1471,tt0117247,Comedy
1472,tt0117247,Drama
1473,tt0117247,Romance
1474,tt0112625,Horror
1475,tt0112625,Thriller
1476,tt0116282,Crime
1477,tt0116282,Drama
1478,tt0116282,Thriller
1479,tt0116552,Adventure
1480,tt0116552,Comedy
1481,tt0116552,Family
1482,tt0116552,Romance
1483,tt0082509,Animation
1484,tt0082509,Adventure
1485,tt0082509,Fantasy
1486,tt0082509,Sci-Fi
1487,tt0116514,Horror
1488,tt0116514,Sci-Fi
1489,tt0117283,Comedy
1490,tt0117283,Romance
1491,tt0116684,Drama
1492,tt0116684,Romance
1493,tt0070506,Comedy
1494,tt0070506,Drama
1495,tt0065421,Animation
1496,tt0065421,Adventure
1497,tt0065421,Comedy
1498,tt0065421,Family
1499,tt0065421,Musical
1500,tt0113083,Drama
1501,tt0118001,Comedy
1502,tt0118001,Romance
1503,tt0116165,Comedy
1504,tt0116165,Family
1505,tt0116165,Sport
1506,tt0117891,Comedy
1507,tt0117891,Crime
1508,tt0117891,Drama
1509,tt0117891,Romance
1510,tt0117891,Thriller
1511,tt0113613,Comedy
1512,tt0113613,Crime
1513,tt0113613,Drama
1514,tt0113613,Thriller
1515,tt0117381,Crime
1516,tt0117381,Drama
1517,tt0117381,Mystery
1518,tt0117381,Thriller
1519,tt0115509,Animation
1520,tt0115509,Adventure
1521,tt0115509,Family
1522,tt0115509,Fantasy
1523,tt0115509,Romance
1524,tt0114671,Drama
1525,tt0114671,War
1526,tt0112844,Comedy
1527,tt0114658,Action
1528,tt0114658,Comedy
1529,tt0114658,Family
1530,tt0114658,Sci-Fi
1531,tt0116275,Comedy
1532,tt0116275,Drama
1533,tt0113122,Drama
1534,tt0113122,Thriller
1535,tt0117608,Comedy
1536,tt0113448,Comedy
1537,tt0113448,Drama
1538,tt0113448,Romance
1539,tt0116414,Comedy
1540,tt0116414,Drama
1541,tt0116095,Drama
1542,tt0116095,Horror
1543,tt0116095,Mystery
1544,tt0116095,Thriller
1545,tt0113947,Drama
1546,tt0115956,Action
1547,tt0115956,Drama
1548,tt0115956,Mystery
1549,tt0115956,Thriller
1550,tt0115956,War
1551,tt0117060,Action
1552,tt0117060,Adventure
1553,tt0117060,Thriller
1554,tt0109028,Comedy
1555,tt0109028,Drama
1556,tt0109028,Mystery
1557,tt0117071,Drama
1558,tt0117071,Romance
1559,tt0116136,Action
1560,tt0116136,Adventure
1561,tt0116136,Fantasy
1562,tt0116168,Comedy
1563,tt0116168,Sport
1564,tt0116683,Animation
1565,tt0116683,Adventure
1566,tt0116683,Family
1567,tt0116683,Fantasy
1568,tt0116683,Musical
1569,tt0116287,Drama
1570,tt0116287,Thriller
1571,tt0116768,Comedy
1572,tt0114787,Comedy
1573,tt0114787,Drama
1574,tt0114787,Fantasy
1575,tt0114787,War
1576,tt0112536,Action
1577,tt0112536,Sport
1578,tt0048473,Drama
1579,tt0052572,Drama
1580,tt0117128,Comedy
1581,tt0117128,Sci-Fi
1582,tt0117705,Animation
1583,tt0117705,Adventure
1584,tt0117705,Comedy
1585,tt0117705,Family
1586,tt0117705,Sci-Fi
1587,tt0117705,Sport
1588,tt0062711,Adventure
1589,tt0062711,Comedy
1590,tt0062711,Fantasy
1591,tt0062711,Sci-Fi
1592,tt0108181,Short
1593,tt0108181,Drama
1594,tt0108181,Thriller
1595,tt0114307,Drama
1596,tt0114307,Romance
1597,tt0058898,Drama
1598,tt0058898,Mystery
1599,tt0058898,Sci-Fi
1600,tt0058898,Thriller
1601,tt0113443,Drama
1602,tt0113443,Romance
1603,tt0114048,Action
1604,tt0114048,Adventure
1605,tt0114048,Comedy
1606,tt0114048,Drama
1607,tt0114048,Family
1608,tt0114048,War
1609,tt0117104,Comedy
1610,tt0117104,Drama
1611,tt0117104,Romance
1612,tt0117688,Action
1613,tt0117688,Sci-Fi
1614,tt0117688,Thriller
1615,tt0117774,Action
1616,tt0117774,Crime
1617,tt0117774,Drama
1618,tt0117774,Thriller
1619,tt0114736,Crime
1620,tt0114736,Drama
1621,tt0114736,Mystery
1622,tt0114736,Thriller
1623,tt0116289,Comedy
1624,tt0116289,Crime
1625,tt0116289,Drama
1626,tt0116289,Romance
1627,tt0109593,Drama
1628,tt0112368,Comedy
1629,tt0112368,Drama
1630,tt0115742,Drama
1631,tt0115742,Mystery
1632,tt0115742,Romance
1633,tt0117420,Action
1634,tt0117420,Adventure
1635,tt0117420,Drama
1636,tt0117420,Thriller
1637,tt0117784,Drama
1638,tt0117784,Sport
1639,tt0117107,Crime
1640,tt0117107,Drama
1641,tt0117107,Mystery
1642,tt0117107,Thriller
1643,tt0117979,Comedy
1644,tt0117979,Romance
1645,tt0095776,Animation
1646,tt0095776,Adventure
1647,tt0095776,Comedy
1648,tt0095776,Family
1649,tt0095776,Musical
1650,tt0115851,Comedy
1651,tt0115851,Sport
1652,tt0116322,Adventure
1653,tt0116322,Family
1654,tt0112817,Adventure
1655,tt0112817,Drama
1656,tt0112817,Fantasy
1657,tt0112817,Western
1658,tt0113362,Adventure
1659,tt0113362,Drama
1660,tt0113362,Romance
1661,tt0113362,War
1662,tt0108500,Comedy
1663,tt0108500,Fantasy
1664,tt0117108,Comedy
1665,tt0117108,Romance
1666,tt0117108,Sci-Fi
1667,tt0118114,Animation
1668,tt0118114,Comedy
1669,tt0118114,Family
1670,tt0113270,Documentary
1671,tt0113270,Biography
1672,tt0115963,Drama
1673,tt0115963,Fantasy
1674,tt0115963,Horror
1675,tt0115963,Thriller
1676,tt0116448,Comedy
1677,tt0116448,Sport
1678,tt0116827,Drama
1679,tt0116827,Thriller
1680,tt0112701,Comedy
1681,tt0112701,Romance
1682,tt0116508,Drama
1683,tt0116508,Mystery
1684,tt0116508,Thriller
1685,tt0117500,Action
1686,tt0117500,Adventure
1687,tt0117500,Thriller
1688,tt0109592,Comedy
1689,tt0109592,Horror
1690,tt0117998,Action
1691,tt0117998,Adventure
1692,tt0117998,Thriller
1693,tt0115624,Action
1694,tt0115624,Sci-Fi
1695,tt0113568,Animation
1696,tt0113568,Action
1697,tt0113568,Crime
1698,tt0113568,Drama
1699,tt0113568,Mystery
1700,tt0113568,Sci-Fi
1701,tt0113568,Thriller
1702,tt0117894,Fantasy
1703,tt0117894,Horror
1704,tt0117723,Action
1705,tt0117723,Comedy
1706,tt0112691,Animation
1707,tt0112691,Short
1708,tt0112691,Comedy
1709,tt0112691,Crime
1710,tt0112691,Family
1711,tt0112691,Mystery
1712,tt0117768,Adventure
1713,tt0117768,Comedy
1714,tt0115571,Mystery
1715,tt0115571,Sci-Fi
1716,tt0115571,Thriller
1717,tt0057012,Comedy
1718,tt0109688,Action
1719,tt0109688,Drama
1720,tt0110480,Documentary
1721,tt0110480,Biography
1722,tt0108211,Drama
1723,tt0108211,War
1724,tt0117331,Action
1725,tt0117331,Adventure
1726,tt0117331,Comedy
1727,tt0117331,Fantasy
1728,tt0117765,Comedy
1729,tt0117765,Crime
1730,tt0117765,Drama
1731,tt0117765,Thriller
1732,tt0113280,Drama
1733,tt0113280,Romance
1734,tt0116669,Comedy
1735,tt0116669,Drama
1736,tt0116669,Fantasy
1737,tt0116594,Biography
1738,tt0116594,Drama
1739,tt0070820,Drama
1740,tt0063715,Drama
1741,tt0063715,Horror
1742,tt0063715,Mystery
1743,tt0117951,Drama
1744,tt0118523,Romance
1745,tt0118523,Comedy
1746,tt0116629,Action
1747,tt0116629,Adventure
1748,tt0116629,Sci-Fi
1749,tt0117737,Drama
1750,tt0117737,Mystery
1751,tt0117737,Romance
1752,tt0116277,Action
1753,tt0116277,Drama
1754,tt0116277,Sport
1755,tt0116277,Thriller
1756,tt0116583,Animation
1757,tt0116583,Drama
1758,tt0116583,Family
1759,tt0116583,Musical
1760,tt0116583,Romance
1761,tt0115798,Comedy
1762,tt0115798,Drama
1763,tt0115798,Thriller
1764,tt0116778,Comedy
1765,tt0116778,Sport
1766,tt0116213,Action
1767,tt0116213,Drama
1768,tt0116213,Thriller
1769,tt0117218,Comedy
1770,tt0117218,Romance
1771,tt0117218,Sci-Fi
1772,tt0111546,Drama
1773,tt0111546,Romance
1774,tt0111546,War
1775,tt0113610,Documentary
1776,tt0113610,Music
1777,tt0111237,Comedy
1778,tt0111237,Drama
1779,tt0116040,Action
1780,tt0116040,Adventure
1781,tt0116040,Drama
1782,tt0116040,Thriller
1783,tt0116365,Comedy
1784,tt0116365,Fantasy
1785,tt0116365,Horror
1786,tt0116905,Drama
1787,tt0116905,Mystery
1788,tt0116493,Comedy
1789,tt0116493,Drama
1790,tt0116493,Family
1791,tt0117333,Drama
1792,tt0117333,Fantasy
1793,tt0117333,Romance
1794,tt0117333,Sci-Fi
1795,tt0118113,Comedy
1796,tt0118113,Drama
1797,tt0118113,Romance
1798,tt0117628,Comedy
1799,tt0117628,Drama
1800,tt0117628,Romance
1801,tt0117913,Crime
1802,tt0117913,Drama
1803,tt0117913,Thriller
1804,tt0115530,Drama
1805,tt0115493,Adventure
1806,tt0115493,Family
1807,tt0116320,Action
1808,tt0116320,Adventure
1809,tt0116320,Crime
1810,tt0116320,Drama
1811,tt0116320,Romance
1812,tt0116756,Comedy
1813,tt0116756,Family
1814,tt0116756,Fantasy
1815,tt0116756,Musical
1816,tt0116823,Comedy
1817,tt0116823,Family
1818,tt0118073,Comedy
1819,tt0061495,Comedy
1820,tt0061495,Drama
1821,tt0061495,Romance
1822,tt0110246,Drama
1823,tt0110246,History
1824,tt0110246,Mystery
1825,tt0115472,Adventure
1826,tt0115472,Drama
1827,tt0115472,Family
1828,tt0115472,Fantasy
1829,tt0115472,Musical
1830,tt0116707,Comedy
1831,tt0116707,Fantasy
1832,tt0116707,Musical
1833,tt0116707,Sci-Fi
1834,tt0116313,Comedy
1835,tt0117438,Action
1836,tt0117438,Crime
1837,tt0117438,Thriller
1838,tt0116531,Comedy
1839,tt0116531,Crime
1840,tt0116531,Romance
1841,tt0116353,Drama
1842,tt0116353,Romance
1843,tt0115857,Action
1844,tt0115857,Drama
1845,tt0115857,Sci-Fi
1846,tt0115857,Thriller
1847,tt0117008,Comedy
1848,tt0117008,Family
1849,tt0117008,Fantasy
1850,tt0116191,Comedy
1851,tt0116191,Drama
1852,tt0116191,Romance
1853,tt0115986,Action
1854,tt0115986,Crime
1855,tt0115986,Fantasy
1856,tt0115986,Thriller
1857,tt0116571,Comedy
1858,tt0116571,Family
1859,tt0053459,Drama
1860,tt0053459,Horror
1861,tt0117826,Comedy
1862,tt0117826,Fantasy
1863,tt0117826,Horror
1864,tt0117718,Drama
1865,tt0116225,Action
1866,tt0116225,Adventure
1867,tt0116225,Sci-Fi
1868,tt0116225,Thriller
1869,tt0115632,Biography
1870,tt0115632,Drama
1871,tt0117918,Comedy
1872,tt0117918,Drama
1873,tt0117918,Romance
1874,tt0117918,Sport
1875,tt0068646,Crime
1876,tt0068646,Drama
1877,tt0104558,Action
1878,tt0104558,Comedy
1879,tt0104558,Crime
1880,tt0104558,Thriller
1881,tt0115736,Crime
1882,tt0115736,Thriller
1883,tt0115836,Comedy
1884,tt0116745,Crime
1885,tt0116745,Drama
1886,tt0116745,Music
1887,tt0116745,Thriller
1888,tt0119214,Comedy
1889,tt0119214,Crime
1890,tt0110693,Action
1891,tt0110693,Crime
1892,tt0110693,Drama
1893,tt0110693,Mystery
1894,tt0106544,Action
1895,tt0106544,Comedy
1896,tt0106544,Crime
1897,tt0106544,Thriller
1898,tt0120004,Horror
1899,tt0120004,Mystery
1900,tt0120004,Sci-Fi
1901,tt0120004,Thriller
1902,tt0116654,Horror
1903,tt0116654,Sci-Fi
1904,tt0116654,Thriller
1905,tt0116311,Family
1906,tt0116311,Comedy
1907,tt0117965,Drama
1908,tt0117965,Thriller
1909,tt0115725,Comedy
1910,tt0115725,Family
1911,tt0115725,Fantasy
1912,tt0115783,Action
1913,tt0115783,Comedy
1914,tt0115783,Crime
1915,tt0113596,Animation
1916,tt0113596,Adventure
1917,tt0113596,Family
1918,tt0113596,Musical
1919,tt0109001,Romance
1920,tt0109001,Drama
1921,tt0113253,Horror
1922,tt0113253,Thriller
1923,tt0117991,Comedy
1924,tt0117991,Drama
1925,tt0117991,Romance
1926,tt0117093,Drama
1927,tt0117093,Romance
1928,tt0117093,War
1929,tt0111019,Drama
1930,tt0035896,Adventure
1931,tt0035896,Drama
1932,tt0035896,History
1933,tt0035896,Romance
1934,tt0035896,War
1935,tt0032904,Comedy
1936,tt0032904,Romance
1937,tt0045152,Comedy
1938,tt0045152,Musical
1939,tt0045152,Romance
1940,tt0043278,Drama
1941,tt0043278,Musical
1942,tt0043278,Romance
1943,tt0050419,Comedy
1944,tt0050419,Musical
1945,tt0050419,Romance
1946,tt0054698,Comedy
1947,tt0054698,Drama
1948,tt0054698,Romance
1949,tt0052357,Mystery
1950,tt0052357,Romance
1951,tt0052357,Thriller
1952,tt0047396,Mystery
1953,tt0047396,Thriller
1954,tt0025316,Comedy
1955,tt0025316,Romance
1956,tt0036855,Crime
1957,tt0036855,Drama
1958,tt0036855,Mystery
1959,tt0036855,Thriller
1960,tt0025164,Comedy
1961,tt0025164,Musical
1962,tt0025164,Romance
1963,tt0053125,Adventure
1964,tt0053125,Mystery
1965,tt0053125,Thriller
1966,tt0053604,Comedy
1967,tt0053604,Drama
1968,tt0053604,Romance
1969,tt0053291,Comedy
1970,tt0053291,Music
1971,tt0053291,Romance
1972,tt0056923,Comedy
1973,tt0056923,Mystery
1974,tt0056923,Romance
1975,tt0056923,Thriller
1976,tt0034583,Drama
1977,tt0034583,Romance
1978,tt0034583,War
1979,tt0033870,Crime
1980,tt0033870,Film-Noir
1981,tt0033870,Mystery
1982,tt0033870,Romance
1983,tt0058385,Drama
1984,tt0058385,Family
1985,tt0058385,Musical
1986,tt0058385,Romance
1987,tt0047437,Comedy
1988,tt0047437,Drama
1989,tt0047437,Romance
1990,tt0046250,Comedy
1991,tt0046250,Romance
1992,tt0031580,Comedy
1993,tt0031580,Drama
1994,tt0031580,Family
1995,tt0031580,Musical
1996,tt0037059,Comedy
1997,tt0037059,Drama
1998,tt0037059,Family
1999,tt0037059,Music
2000,tt0037059,Romance
2001,tt0032138,Adventure
2002,tt0032138,Family
2003,tt0032138,Fantasy
2004,tt0032138,Musical
2005,tt0031381,Drama
2006,tt0031381,History
2007,tt0031381,Romance
2008,tt0031381,War
2009,tt0084370,Comedy
2010,tt0084370,Drama
2011,tt0043014,Drama
2012,tt0043014,Film-Noir
2013,tt0033467,Drama
2014,tt0033467,Mystery
2015,tt0062622,Adventure
2016,tt0062622,Sci-Fi
2017,tt0042192,Drama
2018,tt0032143,Comedy
2019,tt0032143,Drama
2020,tt0032976,Drama
2021,tt0032976,Mystery
2022,tt0032976,Romance
2023,tt0032976,Thriller
2024,tt0032484,Action
2025,tt0032484,Romance
2026,tt0032484,Thriller
2027,tt0032484,War
2028,tt0038787,Drama
2029,tt0038787,Film-Noir
2030,tt0038787,Romance
2031,tt0038787,Thriller
2032,tt0038109,Film-Noir
2033,tt0038109,Mystery
2034,tt0038109,Romance
2035,tt0038109,Thriller
2036,tt0050105,Drama
2037,tt0050105,Musical
2038,tt0050105,Romance
2039,tt0048728,Mystery
2040,tt0048728,Romance
2041,tt0048728,Thriller
2042,tt0042451,Comedy
2043,tt0042451,Romance
2044,tt0045537,Comedy
2045,tt0045537,Musical
2046,tt0045537,Romance
2047,tt0031725,Comedy
2048,tt0031725,Romance
2049,tt0050658,Comedy
2050,tt0050658,Crime
2051,tt0050658,Drama
2052,tt0050658,Romance
2053,tt0051658,Comedy
2054,tt0051658,Musical
2055,tt0051658,Romance
2056,tt0029843,Action
2057,tt0029843,Adventure
2058,tt0029843,Romance
2059,tt0032762,Action
2060,tt0032762,Adventure
2061,tt0032762,Romance
2062,tt0032762,Western
2063,tt0037008,Drama
2064,tt0037008,Film-Noir
2065,tt0037008,Mystery
2066,tt0039420,Comedy
2067,tt0039420,Drama
2068,tt0039420,Fantasy
2069,tt0039420,Mystery
2070,tt0039420,Romance
2071,tt0039420,Thriller
2072,tt0029162,Adventure
2073,tt0029162,Drama
2074,tt0029162,Fantasy
2075,tt0029162,Mystery
2076,tt0027125,Comedy
2077,tt0027125,Musical
2078,tt0027125,Romance
2079,tt0035446,Comedy
2080,tt0035446,War
2081,tt0028010,Comedy
2082,tt0028010,Drama
2083,tt0028010,Romance
2084,tt0049261,Drama
2085,tt0049261,Western
2086,tt0048028,Drama
2087,tt0025878,Comedy
2088,tt0025878,Crime
2089,tt0025878,Mystery
2090,tt0032599,Comedy
2091,tt0032599,Drama
2092,tt0032599,Romance
2093,tt0048960,Adventure
2094,tt0048960,Comedy
2095,tt0048960,Family
2096,tt0048960,Romance
2097,tt0038650,Drama
2098,tt0038650,Family
2099,tt0038650,Fantasy
2100,tt0031679,Comedy
2101,tt0031679,Drama
2102,tt0029947,Comedy
2103,tt0029947,Family
2104,tt0029947,Romance
2105,tt0034012,Drama
2106,tt0034012,Romance
2107,tt0025586,Drama
2108,tt0025586,Romance
2109,tt0027893,Drama
2110,tt0027893,Family
2111,tt0041509,Comedy
2112,tt0041509,Musical
2113,tt0041509,Romance
2114,tt0026029,Crime
2115,tt0026029,Mystery
2116,tt0026029,Thriller
2117,tt0114007,Drama
2118,tt0118927,Action
2119,tt0118927,Crime
2120,tt0118927,Drama
2121,tt0118927,Thriller
2122,tt0117357,Comedy
2123,tt0117357,Drama
2124,tt0117357,Romance
2125,tt0116329,Adventure
2126,tt0116329,Drama
2127,tt0116329,Family
2128,tt0118742,Drama
2129,tt0118742,Romance
2130,tt0116442,Comedy
2131,tt0116442,Drama
2132,tt0116442,Music
2133,tt0117011,Action
2134,tt0117011,Thriller
2135,tt0117039,Biography
2136,tt0117039,Drama
2137,tt0117039,Thriller
2138,tt0117039,War
2139,tt0116635,Biography
2140,tt0116635,Drama
2141,tt0115678,Drama
2142,tt0115678,Romance
2143,tt0116830,Action
2144,tt0116830,Crime
2145,tt0116830,Drama
2146,tt0116830,Thriller
2147,tt0117603,Action
2148,tt0117603,Crime
2149,tt0117603,Drama
2150,tt0117603,Romance
2151,tt0117603,Thriller
2152,tt0115438,Comedy
2153,tt0115438,Crime
2154,tt0115438,Thriller
2155,tt0116259,Crime
2156,tt0116259,Drama
2157,tt0116259,Mystery
2158,tt0116259,Thriller
2159,tt0116421,Action
2160,tt0116421,Comedy
2161,tt0116421,Crime
2162,tt0116421,Drama
2163,tt0116421,Thriller
2164,tt0116000,Action
2165,tt0116000,Comedy
2166,tt0116000,Drama
2167,tt0116000,Family
2168,tt0116000,Sport
2169,tt0115862,Crime
2170,tt0115862,Drama
2171,tt0115862,Thriller
2172,tt0107131,Adventure
2173,tt0107131,Comedy
2174,tt0107131,Drama
2175,tt0107131,Family
2176,tt0106611,Adventure
2177,tt0106611,Comedy
2178,tt0106611,Family
2179,tt0106611,History
2180,tt0106611,Sport
2181,tt0109127,Comedy
2182,tt0109127,Family
2183,tt0109127,Fantasy
2184,tt0109127,Sport
2185,tt0102798,Action
2186,tt0102798,Adventure
2187,tt0102798,Drama
2188,tt0102798,Romance
2189,tt0116361,Comedy
2190,tt0116361,Crime
2191,tt0116361,Drama
2192,tt0116361,Thriller
2193,tt0104692,Horror
2194,tt0104692,Sci-Fi
2195,tt0117582,Drama
2196,tt0117582,Thriller
2197,tt0117589,Comedy
2198,tt0117589,Drama
2199,tt0117887,Comedy
2200,tt0117887,Drama
2201,tt0117887,Music
2202,tt0117924,Drama
2203,tt0117924,Fantasy
2204,tt0117924,Romance
2205,tt0115640,Comedy
2206,tt0115640,Drama
2207,tt0115640,Romance
2208,tt0116908,Action
2209,tt0116908,Crime
2210,tt0116908,Drama
2211,tt0116908,Mystery
2212,tt0116908,Thriller
2213,tt0116409,Adventure
2214,tt0116409,Drama
2215,tt0116409,Thriller
2216,tt0116913,Documentary
2217,tt0116913,Drama
2218,tt0117958,Comedy
2219,tt0117958,Drama
2220,tt0117202,Crime
2221,tt0117202,Drama
2222,tt0116404,Adventure
2223,tt0116404,Drama
2224,tt0116404,History
2225,tt0120107,Action
2226,tt0120107,Thriller
2227,tt0116722,Drama
2228,tt0116722,Romance
2229,tt0116242,Comedy
2230,tt0116242,Musical
2231,tt0116242,Romance
2232,tt0117509,Drama
2233,tt0117509,Romance
2234,tt0117802,Comedy
2235,tt0117802,Drama
2236,tt0117665,Crime
2237,tt0117665,Drama
2238,tt0117665,Thriller
2239,tt0115491,Animation
2240,tt0115491,Adventure
2241,tt0115491,Comedy
2242,tt0115491,Family
2243,tt0115491,Fantasy
2244,tt0115491,Musical
2245,tt0115491,Romance
2246,tt0105236,Crime
2247,tt0105236,Drama
2248,tt0105236,Thriller
2249,tt0103772,Drama
2250,tt0103772,Mystery
2251,tt0103772,Thriller
2252,tt0101761,Biography
2253,tt0101761,Drama
2254,tt0101761,Music
2255,tt0104036,Crime
2256,tt0104036,Drama
2257,tt0104036,Romance
2258,tt0104036,Thriller
2259,tt0104348,Crime
2260,tt0104348,Drama
2261,tt0104348,Mystery
2262,tt0115885,Horror
2263,tt0115885,Thriller
2264,tt0102336,Comedy
2265,tt0117040,Documentary
2266,tt0117284,Comedy
2267,tt0117284,Crime
2268,tt0116378,Crime
2269,tt0116378,Drama
2270,tt0113057,Drama
2271,tt0116581,Comedy
2272,tt0116581,Drama
2273,tt0112907,Drama
2274,tt0117318,Biography
2275,tt0117318,Drama
2276,tt0116422,Comedy
2277,tt0117320,Documentary
2278,tt0101775,Comedy
2279,tt0101775,Drama
2280,tt0101775,Fantasy
2281,tt0116587,Drama
2282,tt0116587,Romance
2283,tt0116212,Biography
2284,tt0116212,Drama
2285,tt0116212,Romance
2286,tt0116886,Documentary
2287,tt0116886,Biography
2288,tt0118147,Documentary
2289,tt0118147,Sport
2290,tt0108598,Animation
2291,tt0108598,Short
2292,tt0108598,Comedy
2293,tt0108598,Crime
2294,tt0108598,Family
2295,tt0108598,Mystery
2296,tt0108598,Sci-Fi
2297,tt0109781,Animation
2298,tt0109781,Comedy
2299,tt0109781,Drama
2300,tt0109781,Fantasy
2301,tt0109781,Horror
2302,tt0110521,Drama
2303,tt0116059,Comedy
2304,tt0112483,Action
2305,tt0112483,Crime
2306,tt0112483,Drama
2307,tt0112483,Thriller
2308,tt0103850,Comedy
2309,tt0103850,Drama
2310,tt0101700,Comedy
2311,tt0101700,Crime
2312,tt0101765,Drama
2313,tt0101765,Fantasy
2314,tt0101765,Music
2315,tt0101765,Mystery
2316,tt0101765,Romance
2317,tt0101811,Drama
2318,tt0102014,Comedy
2319,tt0102014,Drama
2320,tt0102014,Music
2321,tt0116209,Drama
2322,tt0116209,Romance
2323,tt0116209,War
2324,tt0102426,Comedy
2325,tt0102426,Drama
2326,tt0102426,War
2327,tt0105107,Drama
2328,tt0105488,Comedy
2329,tt0105488,Drama
2330,tt0105488,Music
2331,tt0105488,Romance
2332,tt0101026,Comedy
2333,tt0101026,Crime
2334,tt0101026,Drama
2335,tt0101026,Romance
2336,tt0102370,Documentary
2337,tt0102370,Music
2338,tt0100332,Documentary
2339,tt0082971,Action
2340,tt0082971,Adventure
2341,tt0088846,Drama
2342,tt0088846,Sci-Fi
2343,tt0090605,Action
2344,tt0090605,Adventure
2345,tt0090605,Sci-Fi
2346,tt0090605,Thriller
2347,tt0060196,Western
2348,tt0094336,Comedy
2349,tt0094336,Drama
2350,tt0050083,Crime
2351,tt0050083,Drama
2352,tt0056172,Adventure
2353,tt0056172,Biography
2354,tt0056172,Drama
2355,tt0056172,History
2356,tt0056172,War
2357,tt0066921,Crime
2358,tt0066921,Drama
2359,tt0066921,Sci-Fi
2360,tt0056592,Crime
2361,tt0056592,Drama
2362,tt0078788,Drama
2363,tt0078788,Mystery
2364,tt0078788,War
2365,tt0064116,Western
2366,tt0086190,Action
2367,tt0086190,Adventure
2368,tt0086190,Fantasy
2369,tt0086190,Sci-Fi
2370,tt0093191,Drama
2371,tt0093191,Fantasy
2372,tt0093191,Romance
2373,tt0041959,Film-Noir
2374,tt0041959,Mystery
2375,tt0041959,Thriller
2376,tt0099685,Biography
2377,tt0099685,Crime
2378,tt0099685,Drama
2379,tt0078748,Horror
2380,tt0078748,Sci-Fi
2381,tt0106308,Comedy
2382,tt0106308,Horror
2383,tt0095250,Adventure
2384,tt0095250,Drama
2385,tt0095250,Sport
2386,tt0089881,Action
2387,tt0089881,Drama
2388,tt0089881,War
2389,tt0097202,Action
2390,tt0097202,Crime
2391,tt0097202,Drama
2392,tt0097202,Thriller
2393,tt0054215,Horror
2394,tt0054215,Mystery
2395,tt0054215,Thriller
2396,tt0080455,Action
2397,tt0080455,Adventure
2398,tt0080455,Comedy
2399,tt0080455,Crime
2400,tt0080455,Music
2401,tt0080455,Musical
2402,tt0071562,Crime
2403,tt0071562,Drama
2404,tt0093058,Drama
2405,tt0093058,War
2406,tt0104361,Animation
2407,tt0104361,Short
2408,tt0104361,Adventure
2409,tt0104361,Comedy
2410,tt0104361,Family
2411,tt0104361,Sci-Fi
2412,tt0097499,Action
2413,tt0097499,Biography
2414,tt0097499,Drama
2415,tt0097499,History
2416,tt0097499,Romance
2417,tt0097499,War
2418,tt0086879,Biography
2419,tt0086879,Drama
2420,tt0086879,History
2421,tt0086879,Music
2422,tt0045061,Comedy
2423,tt0045061,Drama
2424,tt0045061,Romance
2425,tt0087843,Crime
2426,tt0087843,Drama
2427,tt0081398,Biography
2428,tt0081398,Drama
2429,tt0081398,Sport
2430,tt0075686,Comedy
2431,tt0075686,Romance
2432,tt0086197,Adventure
2433,tt0086197,Biography
2434,tt0086197,Drama
2435,tt0086197,History
2436,tt0079944,Drama
2437,tt0079944,Sci-Fi
2438,tt0082096,Adventure
2439,tt0082096,Drama
2440,tt0082096,Thriller
2441,tt0082096,War
2442,tt0070735,Comedy
2443,tt0070735,Crime
2444,tt0070735,Drama
2445,tt0067185,Comedy
2446,tt0067185,Drama
2447,tt0067185,Romance
2448,tt0103130,Comedy
2449,tt0103130,Drama
2450,tt0050976,Drama
2451,tt0050976,Fantasy
2452,tt0050976,History
2453,tt0050976,Thriller
2454,tt0085859,Comedy
2455,tt0085859,Drama
2456,tt0088247,Action
2457,tt0088247,Sci-Fi
2458,tt0103873,Comedy
2459,tt0103873,Fantasy
2460,tt0103873,Horror
2461,tt0103873,Thriller
2462,tt0097441,Biography
2463,tt0097441,Drama
2464,tt0097441,History
2465,tt0097441,War
2466,tt0100519,Comedy
2467,tt0100519,Drama
2468,tt0079522,Comedy
2469,tt0079522,Drama
2470,tt0079522,Romance
2471,tt0100150,Crime
2472,tt0100150,Drama
2473,tt0100150,Thriller
2474,tt0097165,Comedy
2475,tt0097165,Drama
2476,tt0061722,Comedy
2477,tt0061722,Drama
2478,tt0061722,Romance
2479,tt0052311,Crime
2480,tt0052311,Drama
2481,tt0052311,Film-Noir
2482,tt0052311,Thriller
2483,tt0100263,Action
2484,tt0100263,Thriller
2485,tt0050212,Adventure
2486,tt0050212,Drama
2487,tt0050212,War
2488,tt0056801,Drama
2489,tt0071315,Drama
2490,tt0071315,Mystery
2491,tt0071315,Thriller
2492,tt0043456,Drama
2493,tt0043456,Sci-Fi
2494,tt0040897,Adventure
2495,tt0040897,Drama
2496,tt0040897,Western
2497,tt0092610,Comedy
2498,tt0092610,Horror
2499,tt0092610,Sci-Fi
2500,tt0023969,Comedy
2501,tt0023969,Musical
2502,tt0023969,War
2503,tt0088794,Comedy
2504,tt0088794,Romance
2505,tt0081505,Drama
2506,tt0081505,Horror
2507,tt0092005,Adventure
2508,tt0092005,Drama
2509,tt0022100,Crime
2510,tt0022100,Mystery
2511,tt0022100,Thriller
2512,tt0092991,Comedy
2513,tt0092991,Horror
2514,tt0057115,Adventure
2515,tt0057115,Drama
2516,tt0057115,History
2517,tt0057115,Thriller
2518,tt0057115,War
2519,tt0077416,Drama
2520,tt0077416,War
2521,tt0082269,Music
2522,tt0082269,Thriller
2523,tt0107048,Comedy
2524,tt0107048,Fantasy
2525,tt0107048,Romance
2526,tt0105695,Drama
2527,tt0105695,Western
2528,tt0056218,Drama
2529,tt0056218,Thriller
2530,tt0100436,Comedy
2531,tt0100436,Drama
2532,tt0100436,Music
2533,tt0036613,Comedy
2534,tt0036613,Crime
2535,tt0036613,Thriller
2536,tt0088763,Adventure
2537,tt0088763,Comedy
2538,tt0088763,Sci-Fi
2539,tt0101921,Drama
2540,tt0066206,Biography
2541,tt0066206,Drama
2542,tt0066206,War
2543,tt0090967,Comedy
2544,tt0090967,Crime
2545,tt0090967,Drama
2546,tt0094625,Animation
2547,tt0094625,Action
2548,tt0094625,Sci-Fi
2549,tt0094625,Thriller
2550,tt0091203,Action
2551,tt0091203,Adventure
2552,tt0091203,Fantasy
2553,tt0061512,Crime
2554,tt0061512,Drama
2555,tt0099334,Comedy
2556,tt0099334,Drama
2557,tt0099334,History
2558,tt0099334,Romance
2559,tt0072431,Comedy
2560,tt0102536,Comedy
2561,tt0102536,Drama
2562,tt0101640,Drama
2563,tt0101640,History
2564,tt0101640,Romance
2565,tt0032553,Comedy
2566,tt0032553,Drama
2567,tt0032553,War
2568,tt0032455,Animation
2569,tt0032455,Family
2570,tt0032455,Fantasy
2571,tt0032455,Music
2572,tt0032455,Musical
2573,tt0044706,Drama
2574,tt0044706,Thriller
2575,tt0044706,Western
2576,tt0038355,Crime
2577,tt0038355,Film-Noir
2578,tt0038355,Mystery
2579,tt0038355,Thriller
2580,tt0097493,Comedy
2581,tt0097493,Crime
2582,tt0081534,Drama
2583,tt0081534,Fantasy
2584,tt0081534,Romance
2585,tt0052618,Adventure
2586,tt0052618,Drama
2587,tt0052618,History
2588,tt0088258,Comedy
2589,tt0088258,Music
2590,tt0085809,Documentary
2591,tt0085809,Music
2592,tt0094006,Drama
2593,tt0094006,Romance
2594,tt0097576,Action
2595,tt0097576,Adventure
2596,tt0078841,Comedy
2597,tt0078841,Drama
2598,tt0083987,Biography
2599,tt0083987,Drama
2600,tt0083987,History
2601,tt0096332,Drama
2602,tt0096332,Romance
2603,tt0091867,Drama
2604,tt0091867,Romance
2605,tt0089886,Comedy
2606,tt0089886,Romance
2607,tt0089886,Sci-Fi
2608,tt0084503,Drama
2609,tt0084503,Fantasy
2610,tt0084503,Music
2611,tt0087553,Biography
2612,tt0087553,Drama
2613,tt0087553,History
2614,tt0087553,War
2615,tt0089606,Drama
2616,tt0089606,Comedy
2617,tt0049223,Action
2618,tt0049223,Adventure
2619,tt0049223,Sci-Fi
2620,tt0049223,Thriller
2621,tt0097351,Drama
2622,tt0097351,Family
2623,tt0097351,Fantasy
2624,tt0097351,Sport
2625,tt0073341,Adventure
2626,tt0073341,History
2627,tt0073341,War
2628,tt0064115,Biography
2629,tt0064115,Crime
2630,tt0064115,Drama
2631,tt0064115,Western
2632,tt0087884,Drama
2633,tt0101458,Action
2634,tt0101458,Drama
2635,tt0101458,Sci-Fi
2636,tt0101458,Thriller
2637,tt0098635,Comedy
2638,tt0098635,Drama
2639,tt0098635,Romance
2640,tt0116589,Documentary
2641,tt0116589,History
2642,tt0116589,Music
2643,tt0116293,Drama
2644,tt0116293,Fantasy
2645,tt0116293,Thriller
2646,tt0112537,Comedy
2647,tt0112537,Drama
2648,tt0112537,Romance
2649,tt0112537,Sport
2650,tt0103644,Action
2651,tt0103644,Horror
2652,tt0103644,Sci-Fi
2653,tt0082010,Comedy
2654,tt0082010,Horror
2655,tt0103678,Horror
2656,tt0085159,Horror
2657,tt0115535,Horror
2658,tt0106262,Horror
2659,tt0083550,Horror
2660,tt0078767,Horror
2661,tt0099030,Horror
2662,tt0071233,Horror
2663,tt0090655,Horror
2664,tt0090655,Mystery
2665,tt0075704,Drama
2666,tt0075704,Fantasy
2667,tt0075704,Horror
2668,tt0075704,Thriller
2669,tt0092632,Crime
2670,tt0092632,Drama
2671,tt0092632,Horror
2672,tt0092632,Mystery
2673,tt0092632,Thriller
2674,tt0056869,Drama
2675,tt0056869,Horror
2676,tt0056869,Mystery
2677,tt0056869,Romance
2678,tt0051418,Horror
2679,tt0051418,Sci-Fi
2680,tt0082083,Comedy
2681,tt0082083,Horror
2682,tt0082083,Sci-Fi
2683,tt0101492,Horror
2684,tt0101492,Sci-Fi
2685,tt0101492,Thriller
2686,tt0037549,Horror
2687,tt0037549,Thriller
2688,tt0103874,Horror
2689,tt0026138,Drama
2690,tt0026138,Horror
2691,tt0026138,Sci-Fi
2692,tt0074258,Horror
2693,tt0074258,Mystery
2694,tt0074258,Thriller
2695,tt0103919,Horror
2696,tt0103919,Thriller
2697,tt0101540,Crime
2698,tt0101540,Thriller
2699,tt0055824,Drama
2700,tt0055824,Thriller
2701,tt0074285,Horror
2702,tt0083722,Fantasy
2703,tt0083722,Horror
2704,tt0083722,Thriller
2705,tt0087800,Horror
2706,tt0013442,Fantasy
2707,tt0013442,Horror
2708,tt0091651,Horror
2709,tt0075005,Horror
2710,tt0115710,Crime
2711,tt0115710,Drama
2712,tt0115710,Thriller
2713,tt0115495,Crime
2714,tt0115495,Drama
2715,tt0115495,Thriller
2716,tt0117057,Comedy
2717,tt0117057,Drama
2718,tt0117057,Romance
2719,tt0115751,Drama
2720,tt0119791,Drama
2721,tt0119791,Horror
2722,tt0119791,Thriller
2723,tt0117731,Action
2724,tt0117731,Adventure
2725,tt0117731,Drama
2726,tt0117731,Sci-Fi
2727,tt0117731,Thriller
2728,tt0117631,Biography
2729,tt0117631,Drama
2730,tt0117631,Music
2731,tt0117631,Romance
2732,tt0117666,Drama
2733,tt0116705,Adventure
2734,tt0116705,Comedy
2735,tt0116705,Family
2736,tt0117293,Documentary
2737,tt0117293,Crime
2738,tt0117372,Comedy
2739,tt0117372,Drama
2740,tt0117372,Fantasy
2741,tt0117372,Romance
2742,tt0117477,Comedy
2743,tt0117477,Drama
2744,tt0117477,History
2745,tt0117477,Romance
2746,tt0115988,Drama
2747,tt0115988,History
2748,tt0115433,Adventure
2749,tt0115433,Comedy
2750,tt0115433,Crime
2751,tt0115433,Family
2752,tt0099423,Action
2753,tt0099423,Thriller
2754,tt0079945,Adventure
2755,tt0079945,Mystery
2756,tt0079945,Sci-Fi
2757,tt0102975,Action
2758,tt0102975,Adventure
2759,tt0102975,Sci-Fi
2760,tt0102975,Thriller
2761,tt0098382,Action
2762,tt0098382,Adventure
2763,tt0098382,Fantasy
2764,tt0098382,Sci-Fi
2765,tt0098382,Thriller
2766,tt0084726,Action
2767,tt0084726,Adventure
2768,tt0084726,Sci-Fi
2769,tt0088170,Action
2770,tt0088170,Adventure
2771,tt0088170,Sci-Fi
2772,tt0092007,Action
2773,tt0092007,Adventure
2774,tt0092007,Comedy
2775,tt0092007,Sci-Fi
2776,tt0103776,Action
2777,tt0103776,Crime
2778,tt0103776,Fantasy
2779,tt0096487,Action
2780,tt0096487,Western
2781,tt0100994,Action
2782,tt0100994,Western
2783,tt0077631,Musical
2784,tt0077631,Romance
2785,tt0084021,Comedy
2786,tt0084021,Drama
2787,tt0084021,Musical
2788,tt0084021,Romance
2789,tt0100114,Action
2790,tt0100114,Adventure
2791,tt0100114,Crime
2792,tt0100114,Drama
2793,tt0100114,Thriller
2794,tt0105690,Action
2795,tt0105690,Thriller
2796,tt0073195,Adventure
2797,tt0073195,Thriller
2798,tt0077766,Adventure
2799,tt0077766,Horror
2800,tt0077766,Thriller
2801,tt0085750,Adventure
2802,tt0085750,Horror
2803,tt0085750,Thriller
2804,tt0117119,Adventure
2805,tt0117119,Comedy
2806,tt0116996,Comedy
2807,tt0116996,Sci-Fi
2808,tt0115906,Comedy
2809,tt0115906,Drama
2810,tt0116695,Comedy
2811,tt0116695,Drama
2812,tt0116695,Romance
2813,tt0116695,Sport
2814,tt0093822,Comedy
2815,tt0093822,Crime
2816,tt0094155,Comedy
2817,tt0094155,Drama
2818,tt0105435,Comedy
2819,tt0105435,Crime
2820,tt0105435,Drama
2821,tt0105435,Mystery
2822,tt0105435,Thriller
2823,tt0115633,Drama
2824,tt0116621,Biography
2825,tt0116621,Drama
2826,tt0116621,Romance
2827,tt0116621,War
2828,tt0116999,Drama
2829,tt0116410,Drama
2830,tt0116410,History
2831,tt0115641,Animation
2832,tt0115641,Adventure
2833,tt0115641,Comedy
2834,tt0115641,Crime
2835,tt0115641,Music
2836,tt0112769,Crime
2837,tt0112769,Drama
2838,tt0112769,Mystery
2839,tt0112769,Thriller
2840,tt0117571,Horror
2841,tt0117571,Mystery
2842,tt0104691,Action
2843,tt0104691,Adventure
2844,tt0104691,Drama
2845,tt0104691,Romance
2846,tt0104691,War
2847,tt0117038,Comedy
2848,tt0117038,Drama
2849,tt0117038,Fantasy
2850,tt0116477,Drama
2851,tt0117690,Drama
2852,tt0117690,History
2853,tt0118163,Biography
2854,tt0118163,Drama
2855,tt0118163,Romance
2856,tt0117091,Comedy
2857,tt0117091,Drama
2858,tt0118100,Crime
2859,tt0118100,Drama
2860,tt0118100,Romance
2861,tt0116250,Biography
2862,tt0116250,Drama
2863,tt0116250,History
2864,tt0116250,Musical
2865,tt0117364,Drama
2866,tt0117364,Romance
2867,tt0067959,Adventure
2868,tt0067959,Drama
2869,tt0119731,Action
2870,tt0119731,Crime
2871,tt0119731,Drama
2872,tt0119731,Mystery
2873,tt0119731,Thriller
2874,tt0116506,Drama
2875,tt0116506,History
2876,tt0116506,Thriller
2877,tt0116506,War
2878,tt0119115,Comedy
2879,tt0120550,Adventure
2880,tt0120550,Comedy
2881,tt0120550,Family
2882,tt0120550,Romance
2883,tt0120390,Action
2884,tt0120390,Thriller
2885,tt0112362,Drama
2886,tt0112362,Romance
2887,tt0116704,Action
2888,tt0116704,Adventure
2889,tt0116704,Comedy
2890,tt0116704,Crime
2891,tt0116704,Drama
2892,tt0116704,Thriller
2893,tt0120414,Comedy
2894,tt0120414,Thriller
2895,tt0118708,Action
2896,tt0118708,Comedy
2897,tt0119664,Action
2898,tt0119664,Comedy
2899,tt0119664,Crime
2900,tt0119664,Drama
2901,tt0119664,Thriller
2902,tt0106535,Drama
2903,tt0118928,Action
2904,tt0118928,Adventure
2905,tt0118928,Thriller
2906,tt0119644,Comedy
2907,tt0106266,Comedy
2908,tt0106266,Crime
2909,tt0106387,Comedy
2910,tt0106387,Drama
2911,tt0106387,Romance
2912,tt0119937,Biography
2913,tt0119937,Drama
2914,tt0119937,Romance
2915,tt0119937,Sport
2916,tt0119640,Action
2917,tt0119640,Comedy
2918,tt0116790,Comedy
2919,tt0116790,Drama
2920,tt0116790,Music
2921,tt0119225,Comedy
2922,tt0119225,Crime
2923,tt0119225,Drama
2924,tt0118111,Comedy
2925,tt0118691,Comedy
2926,tt0118691,Romance
2927,tt0120238,Comedy
2928,tt0120238,Drama
2929,tt0119887,Comedy
2930,tt0119141,Comedy
2931,tt0119141,Drama
2932,tt0119141,Romance
2933,tt0120357,Comedy
2934,tt0120357,Drama
2935,tt0120357,Romance
2936,tt0118548,Action
2937,tt0118548,Crime
2938,tt0118548,Drama
2939,tt0118548,Thriller
2940,tt0120317,Action
2941,tt0120317,Comedy
2942,tt0120317,Crime
2943,tt0120317,Family
2944,tt0120317,Mystery
2945,tt0120434,Comedy
2946,tt0116922,Mystery
2947,tt0116922,Thriller
2948,tt0120036,Action
2949,tt0120036,Drama
2950,tt0120036,History
2951,tt0119008,Biography
2952,tt0119008,Crime
2953,tt0119008,Drama
2954,tt0118750,Comedy
2955,tt0118750,Romance
2956,tt0118702,Action
2957,tt0118702,Comedy
2958,tt0118702,Crime
2959,tt0118702,Drama
2960,tt0118702,Thriller
2961,tt0119432,Comedy
2962,tt0119432,Family
2963,tt0116743,Crime
2964,tt0116743,Drama
2965,tt0116743,History
2966,tt0116743,Romance
2967,tt0119951,Biography
2968,tt0119951,Comedy
2969,tt0119951,Drama
2970,tt0119572,Drama
2971,tt0119572,Romance
2972,tt0120053,Action
2973,tt0120053,Adventure
2974,tt0120053,Romance
2975,tt0120053,Sci-Fi
2976,tt0120053,Thriller
2977,tt0120152,Crime
2978,tt0120152,Drama
2979,tt0120152,Mystery
2980,tt0120152,Sci-Fi
2981,tt0120152,Thriller
2982,tt0115964,Drama
2983,tt0116041,Comedy
2984,tt0116041,Drama
2985,tt0119528,Comedy
2986,tt0119528,Fantasy
2987,tt0120094,Biography
2988,tt0120094,Drama
2989,tt0120094,Music
2990,tt0118972,Action
2991,tt0118972,Crime
2992,tt0118972,Drama
2993,tt0118972,Thriller
2994,tt0118829,Animation
2995,tt0118829,Comedy
2996,tt0118829,Family
2997,tt0118829,Fantasy
2998,tt0118829,Musical
2999,tt0118663,Comedy
3000,tt0116931,Comedy
3001,tt0116931,Romance
3002,tt0120389,Action
3003,tt0120389,Adventure
3004,tt0120389,Family
3005,tt0120389,Fantasy
3006,tt0120389,Sci-Fi
3007,tt0120389,Thriller
3008,tt0118623,Drama
3009,tt0118623,Romance
3010,tt0119013,Action
3011,tt0119013,Comedy
3012,tt0119013,Sci-Fi
3013,tt0119013,Thriller
3014,tt0119381,Drama
3015,tt0119381,Romance
3016,tt0118615,Action
3017,tt0118615,Adventure
3018,tt0118615,Horror
3019,tt0118615,Thriller
3020,tt0119229,Action
3021,tt0119229,Comedy
3022,tt0119229,Crime
3023,tt0119229,Romance
3024,tt0119229,Thriller
3025,tt0116783,Drama
3026,tt0116783,Romance
3027,tt0118541,Adventure
3028,tt0118541,Comedy
3029,tt0118541,Crime
3030,tt0118541,Mystery
3031,tt0119859,Drama
3032,tt0119859,History
3033,tt0119859,War
3034,tt0120032,Comedy
3035,tt0116295,Drama
3036,tt0116295,Romance
3037,tt0120461,Action
3038,tt0120461,Drama
3039,tt0120461,Sci-Fi
3040,tt0120461,Thriller
3041,tt0115886,Comedy
3042,tt0115886,Drama
3043,tt0115886,Romance
3044,tt0118655,Adventure
3045,tt0118655,Comedy
3046,tt0118771,Crime
3047,tt0118771,Drama
3048,tt0118771,Mystery
3049,tt0118771,Thriller
3050,tt0115760,Drama
3051,tt0115760,Romance
3052,tt0119109,Comedy
3053,tt0119109,Romance
3054,tt0119116,Action
3055,tt0119116,Adventure
3056,tt0119116,Sci-Fi
3057,tt0119809,Comedy
3058,tt0119809,Drama
3059,tt0119809,Sci-Fi
3060,tt0117398,Drama
3061,tt0117615,Comedy
3062,tt0117615,Drama
3063,tt0117615,Music
3064,tt0117615,Romance
3065,tt0118556,Comedy
3066,tt0118556,Romance
3067,tt0115744,Comedy
3068,tt0115744,Drama
3069,tt0115744,Romance
3070,tt0119567,Action
3071,tt0119567,Adventure
3072,tt0119567,Sci-Fi
3073,tt0117359,Drama
3074,tt0117561,Comedy
3075,tt0117561,Fantasy
3076,tt0117561,Mystery
3077,tt0120118,Drama
3078,tt0120118,Family
3079,tt0114303,Comedy
3080,tt0114303,Drama
3081,tt0114303,Romance
3082,tt0114303,Fantasy
3083,tt0120373,Comedy
3084,tt0120373,Romance
3085,tt0118787,Adventure
3086,tt0118787,Comedy
3087,tt0118787,Drama
3088,tt0118787,Family
3089,tt0118880,Action
3090,tt0118880,Crime
3091,tt0118880,Thriller
3092,tt0114134,Drama
3093,tt0120179,Action
3094,tt0120179,Adventure
3095,tt0120179,Crime
3096,tt0120179,Romance
3097,tt0120179,Thriller
3098,tt0118688,Action
3099,tt0118688,Sci-Fi
3100,tt0120034,Comedy
3101,tt0120034,Romance
3102,tt0120034,Drama
3103,tt0116502,Comedy
3104,tt0116502,Thriller
3105,tt0119282,Animation
3106,tt0119282,Adventure
3107,tt0119282,Comedy
3108,tt0119282,Family
3109,tt0119282,Fantasy
3110,tt0119282,Musical
3111,tt0119282,Romance
3112,tt0119738,Comedy
3113,tt0119738,Drama
3114,tt0119738,Romance
3115,tt0115856,Comedy
3116,tt0115856,Romance
3117,tt0057345,Drama
3118,tt0057345,Romance
3119,tt0119094,Action
3120,tt0119094,Crime
3121,tt0119094,Sci-Fi
3122,tt0119094,Thriller
3123,tt0119098,Drama
3124,tt0119098,Romance
3125,tt0119654,Action
3126,tt0119654,Adventure
3127,tt0119654,Comedy
3128,tt0119654,Sci-Fi
3129,tt0119848,Comedy
3130,tt0119848,Romance
3131,tt0120512,Action
3132,tt0120512,Adventure
3133,tt0120512,Comedy
3134,tt0120512,Family
3135,tt0120133,Comedy
3136,tt0120133,Family
3137,tt0120133,Fantasy
3138,tt0118884,Drama
3139,tt0118884,Mystery
3140,tt0118884,Sci-Fi
3141,tt0118884,Thriller
3142,tt0116930,Comedy
3143,tt0116930,Crime
3144,tt0116930,Drama
3145,tt0116930,Romance
3146,tt0119173,Action
3147,tt0119173,Drama
3148,tt0119173,War
3149,tt0082198,Action
3150,tt0082198,Adventure
3151,tt0082198,Fantasy
3152,tt0119190,Action
3153,tt0119190,Adventure
3154,tt0119190,Comedy
3155,tt0119190,Family
3156,tt0119190,Romance
3157,tt0118887,Crime
3158,tt0118887,Drama
3159,tt0118887,Thriller
3160,tt0119081,Horror
3161,tt0119081,Sci-Fi
3162,tt0119081,Thriller
3163,tt0120177,Action
3164,tt0120177,Drama
3165,tt0120177,Horror
3166,tt0118570,Comedy
3167,tt0118570,Drama
3168,tt0118570,Family
3169,tt0118570,Sport
3170,tt0119896,Comedy
3171,tt0119896,Drama
3172,tt0119896,Romance
3173,tt0119361,Comedy
3174,tt0119361,Drama
3175,tt0118818,Comedy
3176,tt0118818,Drama
3177,tt0118883,Action
3178,tt0118883,Mystery
3179,tt0118883,Thriller
3180,tt0118966,Action
3181,tt0118966,Crime
3182,tt0118966,Drama
3183,tt0118966,Thriller
3184,tt0120207,Action
3185,tt0120207,Adventure
3186,tt0120207,Crime
3187,tt0120207,Fantasy
3188,tt0120207,Sci-Fi
3189,tt0120112,Drama
3190,tt0120112,Romance
3191,tt0119311,Crime
3192,tt0119311,Drama
3193,tt0119509,Comedy
3194,tt0119509,Family
3195,tt0119675,Horror
3196,tt0119675,Sci-Fi
3197,tt0119695,Action
3198,tt0119695,Comedy
3199,tt0119695,Crime
3200,tt0119695,Thriller
3201,tt0119086,Action
3202,tt0119086,Comedy
3203,tt0119086,Crime
3204,tt0119086,Romance
3205,tt0119484,Action
3206,tt0119484,Adventure
3207,tt0119484,Fantasy
3208,tt0118571,Action
3209,tt0118571,Drama
3210,tt0118571,Thriller
3211,tt0118531,Drama
3212,tt0118531,Thriller
3213,tt0099810,Action
3214,tt0099810,Adventure
3215,tt0099810,Thriller
3216,tt0102494,Drama
3217,tt0119465,Comedy
3218,tt0120197,Comedy
3219,tt0120197,Drama
3220,tt0119360,Comedy
3221,tt0119360,Romance
3222,tt0119051,Action
3223,tt0119051,Adventure
3224,tt0119051,Drama
3225,tt0119051,Thriller
3226,tt0119874,Action
3227,tt0119874,Thriller
3228,tt0119488,Crime
3229,tt0119488,Drama
3230,tt0119488,Mystery
3231,tt0119488,Thriller
3232,tt0120102,Adventure
3233,tt0120102,Biography
3234,tt0120102,Drama
3235,tt0120102,History
3236,tt0120102,War
3237,tt0119468,Crime
3238,tt0119468,Drama
3239,tt0119468,Mystery
3240,tt0119468,Thriller
3241,tt0120169,Comedy
3242,tt0120169,Drama
3243,tt0120524,Fantasy
3244,tt0120524,Horror
3245,tt0120323,Drama
3246,tt0119174,Drama
3247,tt0119174,Mystery
3248,tt0119174,Thriller
3249,tt0119123,Action
3250,tt0119123,Drama
3251,tt0119123,Thriller
3252,tt0120399,Crime
3253,tt0120399,Drama
3254,tt0120399,Thriller
3255,tt0119632,Comedy
3256,tt0119632,Romance
3257,tt0118647,Action
3258,tt0118647,Crime
3259,tt0118647,Thriller
3260,tt0120402,Drama
3261,tt0119349,Drama
3262,tt0118842,Comedy
3263,tt0118842,Drama
3264,tt0118842,Romance
3265,tt0119164,Comedy
3266,tt0119164,Drama
3267,tt0116631,Comedy
3268,tt0116631,Drama
3269,tt0116631,Romance
3270,tt0119280,Biography
3271,tt0119280,Drama
3272,tt0119280,History
3273,tt0119280,Romance
3274,tt0119345,Horror
3275,tt0119345,Mystery
3276,tt0118971,Drama
3277,tt0118971,Mystery
3278,tt0118971,Thriller
3279,tt0120029,Comedy
3280,tt0120029,Family
3281,tt0120029,Sci-Fi
3282,tt0119906,Crime
3283,tt0119906,Drama
3284,tt0119906,Thriller
3285,tt0119324,Comedy
3286,tt0119324,Drama
3287,tt0119107,Documentary
3288,tt0120481,Drama
3289,tt0120481,Romance
3290,tt0120539,Documentary
3291,tt0120539,Music
3292,tt0119177,Drama
3293,tt0119177,Sci-Fi
3294,tt0119177,Thriller
3295,tt0119095,Drama
3296,tt0119095,Family
3297,tt0119095,Fantasy
3298,tt0119095,Mystery
3299,tt0119891,Horror
3300,tt0119891,Sci-Fi
3301,tt0119891,Thriller
3302,tt0120257,Drama
3303,tt0120257,Mystery
3304,tt0120257,Romance
3305,tt0119535,Comedy
3306,tt0119535,Crime
3307,tt0119535,Fantasy
3308,tt0119535,Romance
3309,tt0119338,Crime
3310,tt0119338,Drama
3311,tt0119338,Romance
3312,tt0119080,Drama
3313,tt0119210,Crime
3314,tt0119210,Mystery
3315,tt0119210,Thriller
3316,tt0118900,Action
3317,tt0118900,Crime
3318,tt0118900,Drama
3319,tt0118900,Romance
3320,tt0118900,Thriller
3321,tt0083131,Comedy
3322,tt0083131,War
3323,tt0118689,Adventure
3324,tt0118689,Comedy
3325,tt0118689,Family
3326,tt0119592,Crime
3327,tt0119592,Drama
3328,tt0119592,Thriller
3329,tt0120490,Drama
3330,tt0120490,War
3331,tt0119527,Crime
3332,tt0119527,Drama
3333,tt0119527,Mystery
3334,tt0119527,Thriller
3335,tt0119978,Crime
3336,tt0119978,Drama
3337,tt0119978,Thriller
3338,tt0118749,Drama
3339,tt0090329,Crime
3340,tt0090329,Drama
3341,tt0090329,Romance
3342,tt0090329,Thriller
3343,tt0119365,Crime
3344,tt0119365,Thriller
3345,tt0120201,Action
3346,tt0120201,Adventure
3347,tt0120201,Sci-Fi
3348,tt0120201,Thriller
3349,tt0118901,Comedy
3350,tt0118901,Drama
3351,tt0107282,Drama
3352,tt0118836,Comedy
3353,tt0120148,Comedy
3354,tt0120148,Drama
3355,tt0120148,Fantasy
3356,tt0120148,Romance
3357,tt0119707,Action
3358,tt0119707,Adventure
3359,tt0119707,Fantasy
3360,tt0119707,Sci-Fi
3361,tt0119707,Thriller
3362,tt0120382,Comedy
3363,tt0120382,Drama
3364,tt0120520,Drama
3365,tt0120520,Romance
3366,tt0119723,Drama
3367,tt0119723,Romance
3368,tt0116592,Drama
3369,tt0116592,Romance
3370,tt0119994,Crime
3371,tt0119994,Drama
3372,tt0119994,Thriller
3373,tt0119395,Action
3374,tt0119395,Crime
3375,tt0119395,Drama
3376,tt0119395,Thriller
3377,tt0118617,Animation
3378,tt0118617,Adventure
3379,tt0118617,Drama
3380,tt0118617,Family
3381,tt0118617,Fantasy
3382,tt0118617,Musical
3383,tt0118617,Mystery
3384,tt0118617,Romance
3385,tt0120483,Comedy
3386,tt0120483,Crime
3387,tt0120483,Drama
3388,tt0118583,Action
3389,tt0118583,Horror
3390,tt0118583,Sci-Fi
3391,tt0118607,Biography
3392,tt0118607,Drama
3393,tt0118607,History
3394,tt0118632,Drama
3395,tt0123385,Biography
3396,tt0123385,Drama
3397,tt0123385,History
3398,tt0123385,Romance
3399,tt0118698,Drama
3400,tt0118698,History
3401,tt0118698,Romance
3402,tt0118698,War
3403,tt0118804,Comedy
3404,tt0118804,Drama
3405,tt0118954,Comedy
3406,tt0119137,Comedy
3407,tt0119137,Family
3408,tt0119137,Sci-Fi
3409,tt0119142,Comedy
3410,tt0119217,Drama
3411,tt0119217,Romance
3412,tt0119303,Action
3413,tt0119303,Comedy
3414,tt0119303,Crime
3415,tt0119303,Family
3416,tt0119668,Crime
3417,tt0119668,Drama
3418,tt0119668,Mystery
3419,tt0119668,Thriller
3420,tt0119715,Comedy
3421,tt0120082,Horror
3422,tt0120082,Mystery
3423,tt0120222,Thriller
3424,tt0120255,Drama
3425,tt0120338,Drama
3426,tt0120338,Romance
3427,tt0120347,Action
3428,tt0120347,Adventure
3429,tt0120347,Thriller
3430,tt0119925,Action
3431,tt0119925,Adventure
3432,tt0119925,Drama
3433,tt0119925,Sci-Fi
3434,tt0119314,Drama
3435,tt0119314,Romance
3436,tt0119314,Western
3437,tt0119396,Crime
3438,tt0119396,Drama
3439,tt0119396,Thriller
3440,tt0119485,Biography
3441,tt0119485,Drama
3442,tt0119485,History
3443,tt0119485,War
3444,tt0119718,Adventure
3445,tt0119718,Comedy
3446,tt0119718,Family
3447,tt0118715,Comedy
3448,tt0118715,Crime
3449,tt0118715,Sport
3450,tt0118566,Comedy
3451,tt0118566,Drama
3452,tt0118566,Romance
3453,tt0119590,Drama
3454,tt0119223,Drama
3455,tt0119223,Romance
3456,tt0118539,Action
3457,tt0118539,Adventure
3458,tt0118539,Comedy
3459,tt0118539,Family
3460,tt0120820,Comedy
3461,tt0120820,Romance
3462,tt0120885,Comedy
3463,tt0120885,Drama
3464,tt0118929,Fantasy
3465,tt0118929,Mystery
3466,tt0118929,Sci-Fi
3467,tt0118929,Thriller
3468,tt0120696,Action
3469,tt0120696,Crime
3470,tt0120696,Drama
3471,tt0120696,Thriller
3472,tt0120693,Comedy
3473,tt0120693,Crime
3474,tt0119099,Action
3475,tt0119099,Crime
3476,tt0119099,Drama
3477,tt0119099,Fantasy
3478,tt0119099,Mystery
3479,tt0119099,Thriller
3480,tt0120122,Comedy
3481,tt0120122,Crime
3482,tt0120122,Romance
3483,tt0112913,Comedy
3484,tt0112913,Crime
3485,tt0112913,Drama
3486,tt0112913,Romance
3487,tt0119815,Action
3488,tt0119815,Drama
3489,tt0119815,History
3490,tt0119815,Thriller
3491,tt0120185,Comedy
3492,tt0120185,Family
3493,tt0120185,Music
3494,tt0118956,Action
3495,tt0118956,Adventure
3496,tt0118956,Horror
3497,tt0118956,Sci-Fi
3498,tt0119734,Comedy
3499,tt0119734,Drama
3500,tt0119734,Romance
3501,tt0120008,Action
3502,tt0120008,Crime
3503,tt0120008,Thriller
3504,tt0120594,Crime
3505,tt0120594,Drama
3506,tt0120594,Romance
3507,tt0120594,Thriller
3508,tt0119784,Fantasy
3509,tt0119784,Horror
3510,tt0119784,Mystery
3511,tt0118747,Action
3512,tt0118747,Comedy
3513,tt0118747,Crime
3514,tt0118747,Music
3515,tt0118747,Musical
3516,tt0120888,Comedy
3517,tt0120888,Music
3518,tt0120888,Romance
3519,tt0120184,Action
3520,tt0120184,Mystery
3521,tt0120184,Sci-Fi
3522,tt0120184,Thriller
3523,tt0120782,Crime
3524,tt0120782,Drama
3525,tt0120782,Mystery
3526,tt0120782,Romance
3527,tt0120782,Thriller
3528,tt0119822,Comedy
3529,tt0119822,Drama
3530,tt0119822,Romance
3531,tt0099939,Crime
3532,tt0099939,Thriller
3533,tt0119594,Crime
3534,tt0119594,Drama
3535,tt0119594,Mystery
3536,tt0119594,Thriller
3537,tt0120873,Action
3538,tt0120873,Crime
3539,tt0120873,Thriller
3540,tt0120491,Adventure
3541,tt0120491,Comedy
3542,tt0120491,Fantasy
3543,tt0120491,Music
3544,tt0119574,Comedy
3545,tt0119574,Drama
3546,tt0120661,Documentary
3547,tt0120661,Short
3548,tt0118744,Drama
3549,tt0118744,Thriller
3550,tt0120241,Comedy
3551,tt0120241,Crime
3552,tt0120241,Drama
3553,tt0120241,Mystery
3554,tt0120241,Thriller
3555,tt0120744,Action
3556,tt0120744,Adventure
3557,tt0120744,Drama
3558,tt0120769,Action
3559,tt0120769,Crime
3560,tt0120769,Drama
3561,tt0120769,History
3562,tt0120769,Western
3563,tt0120890,Crime
3564,tt0120890,Drama
3565,tt0120890,Mystery
3566,tt0120890,Thriller
3567,tt0125454,Adventure
3568,tt0125454,Comedy
3569,tt0125454,Drama
3570,tt0125454,Family
3571,tt0120642,Drama
3572,tt0119250,Crime
3573,tt0119250,Drama
3574,tt0119250,Romance
3575,tt0119250,Thriller
3576,tt0119942,Comedy
3577,tt0119942,Drama
3578,tt0120510,Comedy
3579,tt0120510,Drama
3580,tt0120510,Family
3581,tt0124179,Comedy
3582,tt0124179,Drama
3583,tt0120772,Comedy
3584,tt0120772,Drama
3585,tt0120772,Romance
3586,tt0119305,Comedy
3587,tt0119305,Crime
3588,tt0119305,Drama
3589,tt0119305,Thriller
3590,tt0119905,Comedy
3591,tt0119905,Drama
3592,tt0120598,Adventure
3593,tt0120598,Comedy
3594,tt0120598,Drama
3595,tt0120598,Family
3596,tt0120598,Fantasy
3597,tt0124295,Documentary
3598,tt0124295,Comedy
3599,tt0124295,Crime
3600,tt0124295,Drama
3601,tt0118851,Drama
3602,tt0118851,Romance
3603,tt0120738,Action
3604,tt0120738,Adventure
3605,tt0120738,Family
3606,tt0120738,Sci-Fi
3607,tt0120738,Thriller
3608,tt0120749,Action
3609,tt0120749,Crime
3610,tt0120749,Drama
3611,tt0120749,Thriller
3612,tt0120176,Drama
3613,tt0120176,Mystery
3614,tt0120176,Thriller
3615,tt0120632,Drama
3616,tt0120632,Fantasy
3617,tt0120632,Romance
3618,tt0120728,Comedy
3619,tt0120728,Drama
3620,tt0120728,Music
3621,tt0120728,Romance
3622,tt0120773,Adventure
3623,tt0120773,Comedy
3624,tt0120765,Comedy
3625,tt0120765,Drama
3626,tt0124718,Drama
3627,tt0124718,Sport
3628,tt0119196,Crime
3629,tt0119196,Mystery
3630,tt0119196,Thriller
3631,tt0118819,Drama
3632,tt0120906,Comedy
3633,tt0120906,Crime
3634,tt0120906,Drama
3635,tt0120906,Mystery
3636,tt0120906,Romance
3637,tt0120906,Thriller
3638,tt0118755,Adventure
3639,tt0118755,Comedy
3640,tt0118755,Family
3641,tt0118755,Fantasy
3642,tt0120725,Comedy
3643,tt0138563,Documentary
3644,tt0138563,Crime
3645,tt0138563,Music
3646,tt0119987,Comedy
3647,tt0119987,Drama
3648,tt0119987,Romance
3649,tt0117786,Action
3650,tt0117786,Adventure
3651,tt0117786,Comedy
3652,tt0117786,Crime
3653,tt0120265,Drama
3654,tt0119448,Crime
3655,tt0119448,Drama
3656,tt0119448,Mystery
3657,tt0120841,Action
3658,tt0120841,Horror
3659,tt0120841,Sci-Fi
3660,tt0120841,Thriller
3661,tt0120742,Comedy
3662,tt0120742,Sport
3663,tt0120609,Action
3664,tt0120609,Comedy
3665,tt0120609,Crime
3666,tt0120609,Thriller
3667,tt0120856,Action
3668,tt0120856,Adventure
3669,tt0120856,Family
3670,tt0120856,Fantasy
3671,tt0118925,Comedy
3672,tt0118925,Drama
3673,tt0118925,Family
3674,tt0119683,Crime
3675,tt0119683,Drama
3676,tt0119683,History
3677,tt0119683,Romance
3678,tt0118866,Comedy
3679,tt0118866,Drama
3680,tt0120647,Action
3681,tt0120647,Drama
3682,tt0120647,Sci-Fi
3683,tt0120647,Thriller
3684,tt0120800,Animation
3685,tt0120800,Adventure
3686,tt0120800,Comedy
3687,tt0120800,Drama
3688,tt0120800,Family
3689,tt0120800,Fantasy
3690,tt0120800,Musical
3691,tt0120685,Action
3692,tt0120685,Sci-Fi
3693,tt0120685,Thriller
3694,tt0118798,Comedy
3695,tt0118798,Drama
3696,tt0118798,Romance
3697,tt0120669,Adventure
3698,tt0120669,Comedy
3699,tt0120669,Drama
3700,tt0120777,Comedy
3701,tt0120777,Drama
3702,tt0120777,Romance
3703,tt0119053,Adventure
3704,tt0119053,Comedy
3705,tt0119053,Western
3706,tt0119313,Drama
3707,tt0119313,Romance
3708,tt0119375,Crime
3709,tt0119375,Mystery
3710,tt0119375,Thriller
3711,tt0120401,Drama
3712,tt0120401,Horror
3713,tt0120401,Thriller
3714,tt0120787,Crime
3715,tt0120787,Drama
3716,tt0120787,Thriller
3717,tt0116692,Drama
3718,tt0116692,Music
3719,tt0120828,Action
3720,tt0120828,Adventure
3721,tt0120828,Comedy
3722,tt0120828,Romance
3723,tt0127723,Comedy
3724,tt0127723,Romance
3725,tt0139362,Drama
3726,tt0139362,Romance
3727,tt0118849,Drama
3728,tt0118849,Family
3729,tt0118849,Sport
3730,tt0116141,Romance
3731,tt0116141,Comedy
3732,tt0116141,Drama
3733,tt0122529,Comedy
3734,tt0122529,Drama
3735,tt0119717,Comedy
3736,tt0119717,Romance
3737,tt0120762,Animation
3738,tt0120762,Adventure
3739,tt0120762,Family
3740,tt0120762,Fantasy
3741,tt0120762,Musical
3742,tt0120762,War
3743,tt0120902,Drama
3744,tt0120902,Mystery
3745,tt0120902,Sci-Fi
3746,tt0120902,Thriller
3747,tt0126344,Action
3748,tt0126344,Comedy
3749,tt0126344,Crime
3750,tt0126344,Drama
3751,tt0118998,Comedy
3752,tt0118998,Family
3753,tt0118998,Fantasy
3754,tt0120780,Comedy
3755,tt0120780,Crime
3756,tt0120780,Drama
3757,tt0120780,Romance
3758,tt0120780,Thriller
3759,tt0073540,Drama
3760,tt0073540,Mystery
3761,tt0120321,Comedy
3762,tt0120321,Drama
3763,tt0118789,Comedy
3764,tt0118789,Drama
3765,tt0118789,Romance
3766,tt0120591,Action
3767,tt0120591,Adventure
3768,tt0120591,Sci-Fi
3769,tt0120591,Thriller
3770,tt0122151,Action
3771,tt0122151,Crime
3772,tt0122151,Thriller
3773,tt0123987,Comedy
3774,tt0123987,Family
3775,tt0122718,Action
3776,tt0122718,Adventure
3777,tt0122718,Comedy
3778,tt0122718,Family
3779,tt0122718,Sci-Fi
3780,tt0138704,Drama
3781,tt0138704,Horror
3782,tt0138704,Mystery
3783,tt0138704,Sci-Fi
3784,tt0138704,Thriller
3785,tt0140688,Drama
3786,tt0129387,Comedy
3787,tt0129387,Romance
3788,tt0052077,Horror
3789,tt0052077,Sci-Fi
3790,tt0019729,Drama
3791,tt0019729,Musical
3792,tt0019729,Romance
3793,tt0020629,Drama
3794,tt0020629,War
3795,tt0021746,Drama
3796,tt0021746,Western
3797,tt0022958,Drama
3798,tt0022958,Romance
3799,tt0026752,Adventure
3800,tt0026752,Biography
3801,tt0026752,Drama
3802,tt0026752,History
3803,tt0026752,Romance
3804,tt0027698,Biography
3805,tt0027698,Drama
3806,tt0027698,Musical
3807,tt0027698,Romance
3808,tt0029146,Biography
3809,tt0029146,Drama
3810,tt0030993,Comedy
3811,tt0030993,Drama
3812,tt0030993,Romance
3813,tt0035093,Drama
3814,tt0035093,Romance
3815,tt0035093,War
3816,tt0036872,Comedy
3817,tt0036872,Drama
3818,tt0036872,Music
3819,tt0037884,Drama
3820,tt0037884,Film-Noir
3821,tt0036868,Drama
3822,tt0036868,Romance
3823,tt0036868,War
3824,tt0039416,Drama
3825,tt0039416,Romance
3826,tt0040416,Drama
3827,tt0041113,Drama
3828,tt0041113,Film-Noir
3829,tt0045793,Drama
3830,tt0045793,Romance
3831,tt0045793,War
3832,tt0047296,Crime
3833,tt0047296,Drama
3834,tt0047296,Thriller
3835,tt0048356,Drama
3836,tt0048356,Romance
3837,tt0055614,Crime
3838,tt0055614,Drama
3839,tt0055614,Musical
3840,tt0055614,Romance
3841,tt0057590,Adventure
3842,tt0057590,Comedy
3843,tt0057590,History
3844,tt0060665,Biography
3845,tt0060665,Drama
3846,tt0060665,History
3847,tt0061811,Crime
3848,tt0061811,Drama
3849,tt0061811,Mystery
3850,tt0061811,Thriller
3851,tt0063385,Drama
3852,tt0063385,Family
3853,tt0063385,Musical
3854,tt0064665,Drama
3855,tt0067116,Action
3856,tt0067116,Crime
3857,tt0067116,Drama
3858,tt0067116,Thriller
3859,tt0075148,Drama
3860,tt0075148,Sport
3861,tt0079417,Drama
3862,tt0081283,Drama
3863,tt0082158,Biography
3864,tt0082158,Drama
3865,tt0082158,Sport
3866,tt0086425,Comedy
3867,tt0086425,Drama
3868,tt0089755,Biography
3869,tt0089755,Drama
3870,tt0089755,Romance
3871,tt0093389,Biography
3872,tt0093389,Drama
3873,tt0093389,History
3874,tt0095953,Drama
3875,tt0097239,Drama
3876,tt0065063,Comedy
3877,tt0065063,Crime
3878,tt0067309,Crime
3879,tt0067309,Mystery
3880,tt0067309,Thriller
3881,tt0087995,Action
3882,tt0087995,Comedy
3883,tt0087995,Crime
3884,tt0087995,Sci-Fi
3885,tt0087995,Thriller
3886,tt0100142,Comedy
3887,tt0100142,Drama
3888,tt0100142,Romance
3889,tt0091369,Adventure
3890,tt0091369,Family
3891,tt0091369,Fantasy
3892,tt0091369,Musical
3893,tt0088847,Comedy
3894,tt0088847,Drama
3895,tt0089686,Horror
3896,tt0093629,Fantasy
3897,tt0093629,Horror
3898,tt0095742,Horror
3899,tt0097981,Fantasy
3900,tt0097981,Horror
3901,tt0101917,Fantasy
3902,tt0101917,Horror
3903,tt0080761,Horror
3904,tt0080761,Mystery
3905,tt0080761,Thriller
3906,tt0082418,Horror
3907,tt0082418,Mystery
3908,tt0082418,Thriller
3909,tt0083972,Horror
3910,tt0083972,Thriller
3911,tt0087298,Horror
3912,tt0087298,Thriller
3913,tt0089173,Horror
3914,tt0089173,Mystery
3915,tt0089173,Thriller
3916,tt0091080,Horror
3917,tt0091080,Thriller
3918,tt0095179,Horror
3919,tt0095179,Thriller
3920,tt0097388,Adventure
3921,tt0097388,Horror
3922,tt0097388,Thriller
3923,tt0077651,Horror
3924,tt0077651,Thriller
3925,tt0082495,Horror
3926,tt0085636,Horror
3927,tt0085636,Mystery
3928,tt0085636,Sci-Fi
3929,tt0085636,Thriller
3930,tt0095271,Horror
3931,tt0095271,Thriller
3932,tt0097474,Horror
3933,tt0097474,Thriller
3934,tt0081383,Horror
3935,tt0081383,Mystery
3936,tt0081383,Thriller
3937,tt0105179,Horror
3938,tt0105179,Thriller
3939,tt0094862,Fantasy
3940,tt0094862,Horror
3941,tt0094862,Thriller
3942,tt0099253,Horror
3943,tt0099253,Thriller
3944,tt0103956,Horror
3945,tt0103956,Thriller
3946,tt0084516,Horror
3947,tt0084516,Thriller
3948,tt0091778,Horror
3949,tt0095889,Horror
3950,tt0095889,Thriller
3951,tt0070047,Horror
3952,tt0076009,Horror
3953,tt0099528,Drama
3954,tt0099528,Horror
3955,tt0099528,Mystery
3956,tt0093409,Action
3957,tt0093409,Crime
3958,tt0093409,Thriller
3959,tt0097733,Action
3960,tt0097733,Crime
3961,tt0097733,Thriller
3962,tt0104714,Action
3963,tt0104714,Crime
3964,tt0104714,Thriller
3965,tt0087363,Comedy
3966,tt0087363,Fantasy
3967,tt0087363,Horror
3968,tt0099700,Comedy
3969,tt0099700,Fantasy
3970,tt0099700,Horror
3971,tt0089218,Adventure
3972,tt0089218,Comedy
3973,tt0089218,Family
3974,tt0120746,Action
3975,tt0120746,Adventure
3976,tt0120746,Comedy
3977,tt0120746,Romance
3978,tt0120746,Thriller
3979,tt0120746,Western
3980,tt0119910,Comedy
3981,tt0119910,Drama
3982,tt0119910,Romance
3983,tt0117898,Crime
3984,tt0117898,Drama
3985,tt0070723,Crime
3986,tt0070723,Mystery
3987,tt0070723,Sci-Fi
3988,tt0070723,Thriller
3989,tt0017136,Drama
3990,tt0017136,Sci-Fi
3991,tt0096874,Adventure
3992,tt0096874,Comedy
3993,tt0096874,Sci-Fi
3994,tt0099088,Adventure
3995,tt0099088,Comedy
3996,tt0099088,Sci-Fi
3997,tt0099088,Western
3998,tt0069113,Action
3999,tt0069113,Adventure
4000,tt0069113,Drama
4001,tt0069113,Thriller
4002,tt0076054,Comedy
4003,tt0076054,Family
4004,tt0076054,Fantasy
4005,tt0054594,Comedy
4006,tt0054594,Family
4007,tt0054594,Sci-Fi
4008,tt0054594,Sport
4009,tt0078790,Comedy
4010,tt0078790,Family
4011,tt0078790,Western
4012,tt0054649,Comedy
4013,tt0054649,Family
4014,tt0054649,Fantasy
4015,tt0054649,Musical
4016,tt0054649,Romance
4017,tt0034492,Animation
4018,tt0034492,Drama
4019,tt0034492,Family
4020,tt0047478,Action
4021,tt0047478,Adventure
4022,tt0047478,Drama
4023,tt0094947,Drama
4024,tt0094947,Romance
4025,tt0087182,Action
4026,tt0087182,Adventure
4027,tt0087182,Sci-Fi
4028,tt0095497,Drama
4029,tt0099674,Crime
4030,tt0099674,Drama
4031,tt0102757,Drama
4032,tt0102757,Mystery
4033,tt0119558,Drama
4034,tt0119558,Romance
4035,tt0134619,Horror
4036,tt0134619,Mystery
4037,tt0134619,Sci-Fi
4038,tt0134619,Thriller
4039,tt0120741,Comedy
4040,tt0120741,Crime
4041,tt0120815,Drama
4042,tt0120815,War
4043,tt0066811,Family
4044,tt0066811,Comedy
4045,tt0088814,Animation
4046,tt0088814,Action
4047,tt0088814,Adventure
4048,tt0088814,Family
4049,tt0088814,Fantasy
4050,tt0078869,Action
4051,tt0078869,Sci-Fi
4052,tt0062737,Comedy
4053,tt0062737,Family
4054,tt0062737,Fantasy
4055,tt0109287,Comedy
4056,tt0109287,Crime
4057,tt0109287,Family
4058,tt0075807,Adventure
4059,tt0075807,Comedy
4060,tt0075807,Drama
4061,tt0075807,Family
4062,tt0077305,Comedy
4063,tt0077305,Family
4064,tt0077305,Sci-Fi
4065,tt0065566,Comedy
4066,tt0065566,Family
4067,tt0065566,Sci-Fi
4068,tt0082199,Action
4069,tt0082199,Adventure
4070,tt0082199,Comedy
4071,tt0082199,Drama
4072,tt0082199,Family
4073,tt0082199,Romance
4074,tt0109520,Comedy
4075,tt0109520,Drama
4076,tt0109520,Family
4077,tt0109520,Sport
4078,tt0052722,Adventure
4079,tt0052722,Family
4080,tt0052722,Fantasy
4081,tt0052722,Romance
4082,tt0082263,Comedy
4083,tt0082263,Family
4084,tt0082263,Fantasy
4085,tt0091059,Adventure
4086,tt0091059,Comedy
4087,tt0091059,Family
4088,tt0091059,Sci-Fi
4089,tt0091149,Animation
4090,tt0091149,Adventure
4091,tt0091149,Family
4092,tt0091149,Musical
4093,tt0091149,Mystery
4094,tt0080861,Adventure
4095,tt0080861,Comedy
4096,tt0080861,Family
4097,tt0080861,Fantasy
4098,tt0076137,Action
4099,tt0076137,Adventure
4100,tt0076137,Comedy
4101,tt0076137,Crime
4102,tt0076137,Family
4103,tt0076137,Romance
4104,tt0076137,Sport
4105,tt0107120,Comedy
4106,tt0107120,Family
4107,tt0107120,Fantasy
4108,tt0104437,Adventure
4109,tt0104437,Comedy
4110,tt0104437,Family
4111,tt0104437,Romance
4112,tt0104437,Sci-Fi
4113,tt0097523,Adventure
4114,tt0097523,Comedy
4115,tt0097523,Family
4116,tt0097523,Sci-Fi
4117,tt0077698,Action
4118,tt0077698,Comedy
4119,tt0077698,Family
4120,tt0077698,Western
4121,tt0056095,Adventure
4122,tt0056095,Family
4123,tt0056095,Fantasy
4124,tt0057180,Adventure
4125,tt0057180,Drama
4126,tt0057180,Family
4127,tt0120768,Action
4128,tt0120768,Crime
4129,tt0120768,Drama
4130,tt0120768,Mystery
4131,tt0120768,Thriller
4132,tt0120783,Adventure
4133,tt0120783,Comedy
4134,tt0120783,Drama
4135,tt0120783,Family
4136,tt0120783,Romance
4137,tt0131857,Comedy
4138,tt0131857,Sport
4139,tt0098213,Documentary
4140,tt0089853,Comedy
4141,tt0089853,Fantasy
4142,tt0089853,Romance
4143,tt0039689,Crime
4144,tt0039689,Drama
4145,tt0039689,Film-Noir
4146,tt0039689,Romance
4147,tt0039689,Thriller
4148,tt0059113,Drama
4149,tt0059113,Romance
4150,tt0059113,War
4151,tt0083922,Drama
4152,tt0090203,Drama
4153,tt0086423,Drama
4154,tt0086423,Music
4155,tt0106273,Drama
4156,tt0106273,History
4157,tt0096734,Comedy
4158,tt0096734,Mystery
4159,tt0096734,Thriller
4160,tt0089126,Comedy
4161,tt0089126,Drama
4162,tt0071910,Drama
4163,tt0082736,Drama
4164,tt0090756,Drama
4165,tt0090756,Mystery
4166,tt0090756,Thriller
4167,tt0089385,Adventure
4168,tt0089385,Family
4169,tt0061852,Animation
4170,tt0061852,Adventure
4171,tt0061852,Family
4172,tt0061852,Musical
4173,tt0048280,Animation
4174,tt0048280,Adventure
4175,tt0048280,Comedy
4176,tt0048280,Drama
4177,tt0048280,Family
4178,tt0048280,Romance
4179,tt0097757,Animation
4180,tt0097757,Family
4181,tt0097757,Fantasy
4182,tt0097757,Musical
4183,tt0097757,Romance
4184,tt0104868,Comedy
4185,tt0104868,Drama
4186,tt0104868,Family
4187,tt0104868,Sport
4188,tt0104940,Comedy
4189,tt0104940,Drama
4190,tt0104940,Family
4191,tt0104940,Fantasy
4192,tt0104940,Musical
4193,tt0104990,Drama
4194,tt0104990,Family
4195,tt0104990,History
4196,tt0104990,Musical
4197,tt0055254,Animation
4198,tt0055254,Adventure
4199,tt0055254,Comedy
4200,tt0055254,Family
4201,tt0046183,Animation
4202,tt0046183,Adventure
4203,tt0046183,Family
4204,tt0046183,Fantasy
4205,tt0046183,Musical
4206,tt0081353,Adventure
4207,tt0081353,Comedy
4208,tt0081353,Family
4209,tt0081353,Fantasy
4210,tt0081353,Musical
4211,tt0081353,Romance
4212,tt0100477,Animation
4213,tt0100477,Adventure
4214,tt0100477,Crime
4215,tt0100477,Drama
4216,tt0100477,Family
4217,tt0100477,Fantasy
4218,tt0100477,Mystery
4219,tt0076618,Animation
4220,tt0076618,Adventure
4221,tt0076618,Comedy
4222,tt0076618,Family
4223,tt0076618,Fantasy
4224,tt0078158,Family
4225,tt0078158,Adventure
4226,tt0078158,Sci-Fi
4227,tt0078158,Fantasy
4228,tt0107952,Animation
4229,tt0107952,Adventure
4230,tt0107952,Comedy
4231,tt0107952,Family
4232,tt0107952,Fantasy
4233,tt0107952,Musical
4234,tt0107952,Romance
4235,tt0089908,Adventure
4236,tt0089908,Family
4237,tt0089908,Fantasy
4238,tt0089908,Horror
4239,tt0089908,Mystery
4240,tt0102803,Action
4241,tt0102803,Adventure
4242,tt0102803,Family
4243,tt0102803,Sci-Fi
4244,tt0075200,Comedy
4245,tt0075200,Family
4246,tt0075200,Fantasy
4247,tt0053285,Animation
4248,tt0053285,Family
4249,tt0053285,Fantasy
4250,tt0053285,Musical
4251,tt0053285,Romance
4252,tt0086336,Fantasy
4253,tt0086336,Mystery
4254,tt0086336,Thriller
4255,tt0057518,Comedy
4256,tt0057518,Sci-Fi
4257,tt0057518,Family
4258,tt0038969,Animation
4259,tt0038969,Comedy
4260,tt0038969,Family
4261,tt0038969,Fantasy
4262,tt0038969,Musical
4263,tt0088161,Comedy
4264,tt0088161,Fantasy
4265,tt0088161,Romance
4266,tt0019422,Animation
4267,tt0019422,Short
4268,tt0019422,Comedy
4269,tt0019422,Family
4270,tt0019422,Musical
4271,tt0111359,Adventure
4272,tt0111359,Family
4273,tt0111359,Fantasy
4274,tt0111359,Western
4275,tt0084783,Drama
4276,tt0084827,Action
4277,tt0084827,Adventure
4278,tt0084827,Sci-Fi
4279,tt0108265,Drama
4280,tt0108265,Music
4281,tt0120694,Horror
4282,tt0120694,Thriller
4283,tt0102250,Comedy
4284,tt0102250,Drama
4285,tt0102250,Fantasy
4286,tt0102250,Romance
4287,tt0079367,Comedy
4288,tt0083798,Comedy
4289,tt0083798,Crime
4290,tt0083798,Mystery
4291,tt0083798,Thriller
4292,tt0085894,Comedy
4293,tt0085894,Romance
4294,tt0085894,Sci-Fi
4295,tt0101969,Crime
4296,tt0101969,Drama
4297,tt0086066,Crime
4298,tt0086066,Drama
4299,tt0087469,Action
4300,tt0087469,Adventure
4301,tt0077869,Animation
4302,tt0077869,Adventure
4303,tt0077869,Fantasy
4304,tt0087803,Drama
4305,tt0087803,Sci-Fi
4306,tt0085407,Drama
4307,tt0085407,Horror
4308,tt0085407,Sci-Fi
4309,tt0085407,Thriller
4310,tt0091499,Action
4311,tt0091499,Comedy
4312,tt0091499,Horror
4313,tt0091499,Sci-Fi
4314,tt0107665,Crime
4315,tt0107665,Drama
4316,tt0107665,Fantasy
4317,tt0107665,Horror
4318,tt0107665,Thriller
4319,tt0085382,Horror
4320,tt0085382,Thriller
4321,tt0087050,Horror
4322,tt0087050,Thriller
4323,tt0096787,Animation
4324,tt0096787,Comedy
4325,tt0096787,Drama
4326,tt0096787,Family
4327,tt0096787,Fantasy
4328,tt0096787,Musical
